"Id","Path","Slice Name","Alias(s)","Label","Min","Max","Must Support?","Is Modifier?","Is Summary?","Type(s)","Short","Definition","Comments","Requirements","Default Value","Meaning When Missing","Fixed Value","Pattern","Example","Minimum Value","Maximum Value","Maximum Length","Binding Strength","Binding Description","Binding Value Set","Code","Slicing Discriminator","Slicing Description","Slicing Ordered","Slicing Rules","Base Path","Base Min","Base Max","Condition(s)","Constraint(s)"
"ContactLM","ContactLM","","","",0,*,"","","","null {[]} {[]}
","Contacto (modelo)","Modelo Lógico - Contacto","","","","","","","","","",,,,,"",,,,"Base",0,*,"",""
"ContactLM.id","ContactLM.id","","","",1,1,"","","","string {[]} {[]}
","Identificador do episódio","Identificador do episódio","","","","","","","","","",,,,,"",,,,"ContactLM.id",1,1,"",""
"ContactLM.module","ContactLM.module","","","",1,1,"","","","Coding {[]} {[]}
","Tipo de episódio (CON/INT/URG/BLO/HDI/RAD/LAB)","Tipo de episódio (CON/INT/URG/BLO/HDI/RAD/LAB)","","","","","","","","","",,,,,"",,,,"ContactLM.module",1,1,"",""
