<?xml version="1.0" encoding="UTF-8"?>

<Observation xmlns="http://hl7.org/fhir">
  <id value="pregnancyNN"/>
  <meta>
    <profile value="https://hl7.pt/fhir/NoticiaNascimento/StructureDefinition/Pregnancy"/>
  </meta>
  <text>
    <status value="generated"/><div xmlns="http://www.w3.org/1999/xhtml"><p class="res-header-id"><b>Generated Narrative: Observation pregnancyNN</b></p><a name="pregnancyNN"> </a><a name="hcpregnancyNN"> </a><a name="pregnancyNN-pt-PT"> </a><div style="display: inline-block; background-color: #d9e0e7; padding: 6px; margin: 4px; border: 1px solid #8da1b4; border-radius: 5px; line-height: 60%"><p style="margin-bottom: 0px"/><p style="margin-bottom: 0px">Profile: <a href="StructureDefinition-Pregnancy.html">Perfil de Informação de gravidez</a></p></div><p><b>status</b>: Final</p><p><b>code</b>: <span title="Codes:{http://snomed.info/sct 77386006}">Pregnancy (finding)</span></p><p><b>subject</b>: <a href="Patient-newBornNN.html">Anonymous Patient Female, DoB Unknown</a></p><p><b>effective</b>: 2024-08-01 10:00:00+0000</p></div>
  </text>
  <status value="final"/>
  <code>
    <coding>
      <system value="http://snomed.info/sct"/>
      <code value="77386006"/>
      <display value="Pregnancy (finding)"/>
    </coding>
  </code>
  <subject>
    <reference value="Patient/newBornNN"/>
  </subject>
  <effectiveDateTime value="2024-08-01T10:00:00.000Z"/>
</Observation>