<?xml version="1.0" encoding="UTF-8"?><ImplementationGuide xmlns="http://hl7.org/fhir"><id value="hl7.fhir.pt.obs-neonat"/><text><status value="generated"/><div xmlns="http://www.w3.org/1999/xhtml"><p class="res-header-id"><b>Generated Narrative: ImplementationGuide hl7.fhir.pt.obs-neonat</b></p><a name="hl7.fhir.pt.obs-neonat"> </a><a name="hchl7.fhir.pt.obs-neonat"> </a><a name="hl7.fhir.pt.obs-neonat-pt-PT"> </a><h2>NoticiaNascimentoIG</h2><p>The official URL for this implementation guide is: </p><pre>https://hl7.pt/fhir/NoticiaNascimento/ImplementationGuide/hl7.fhir.pt.obs-neonat</pre><div><p>Example IG exercises many of the fields in a SUSHI configuration.</p>
</div></div></text><url value="https://hl7.pt/fhir/NoticiaNascimento/ImplementationGuide/hl7.fhir.pt.obs-neonat"/><version value="0.0.1"/><name value="NoticiaNascimentoIG"/><title value="HL7 PT FHIR Implementation Guide: Noticia de Nascimento"/><status value="active"/><date value="2020-02-26"/><publisher value="HL7 Portugal"/><contact><name value="HL7 Portugal"/><telecom><system value="url"/><value value="http://hl7.pt"/></telecom><telecom><system value="email"/><value value="info@hl7.pt"/></telecom></contact><contact><name value="HL7 Portugal"/><telecom><system value="email"/><value value="geral@hl7.pt"/><use value="work"/></telecom></contact><description value="Example IG exercises many of the fields in a SUSHI configuration."/><jurisdiction><coding><system value="urn:iso:std:iso:3166"/><code value="PT"/><display value="Portugal"/></coding></jurisdiction><packageId value="hl7.fhir.pt.obs-neonat"/><license value="CC0-1.0"/><fhirVersion value="4.0.1"/><dependsOn id="hl7tx"><extension url="http://hl7.org/fhir/tools/StructureDefinition/implementationguide-dependency-comment"><valueMarkdown value="Automatically added as a dependency - all IGs depend on HL7 Terminology"/></extension><uri value="http://terminology.hl7.org/ImplementationGuide/hl7.terminology"/><packageId value="hl7.terminology.r4"/><version value="6.3.0"/></dependsOn><dependsOn id="hl7ext"><extension url="http://hl7.org/fhir/tools/StructureDefinition/implementationguide-dependency-comment"><valueMarkdown value="Automatically added as a dependency - all IGs depend on the HL7 Extension Pack"/></extension><uri value="http://hl7.org/fhir/extensions/ImplementationGuide/hl7.fhir.uv.extensions"/><packageId value="hl7.fhir.uv.extensions.r4"/><version value="5.2.0"/></dependsOn><definition><extension url="http://hl7.org/fhir/tools/StructureDefinition/ig-parameter"><extension url="code"><valueString value="copyrightyear"/></extension><extension url="value"><valueString value="2024+"/></extension></extension><extension url="http://hl7.org/fhir/tools/StructureDefinition/ig-parameter"><extension url="code"><valueString value="releaselabel"/></extension><extension url="value"><valueString value="STU1"/></extension></extension><extension url="http://hl7.org/fhir/tools/StructureDefinition/ig-parameter"><extension url="code"><valueString value="produce-jekyll-data"/></extension><extension url="value"><valueString value="true"/></extension></extension><extension url="http://hl7.org/fhir/tools/StructureDefinition/ig-parameter"><extension url="code"><valueString value="autoload-resources"/></extension><extension url="value"><valueString value="true"/></extension></extension><extension url="http://hl7.org/fhir/tools/StructureDefinition/ig-parameter"><extension url="code"><valueString value="path-liquid"/></extension><extension url="value"><valueString value="template/liquid"/></extension></extension><extension url="http://hl7.org/fhir/tools/StructureDefinition/ig-parameter"><extension url="code"><valueString value="path-liquid"/></extension><extension url="value"><valueString value="input/liquid"/></extension></extension><extension url="http://hl7.org/fhir/tools/StructureDefinition/ig-parameter"><extension url="code"><valueString value="path-qa"/></extension><extension url="value"><valueString value="temp/qa"/></extension></extension><extension url="http://hl7.org/fhir/tools/StructureDefinition/ig-parameter"><extension url="code"><valueString value="path-temp"/></extension><extension url="value"><valueString value="temp/pages"/></extension></extension><extension url="http://hl7.org/fhir/tools/StructureDefinition/ig-parameter"><extension url="code"><valueString value="path-output"/></extension><extension url="value"><valueString value="output"/></extension></extension><extension url="http://hl7.org/fhir/tools/StructureDefinition/ig-parameter"><extension url="code"><valueString value="path-suppressed-warnings"/></extension><extension url="value"><valueString value="input/ignoreWarnings.txt"/></extension></extension><extension url="http://hl7.org/fhir/tools/StructureDefinition/ig-parameter"><extension url="code"><valueString value="path-history"/></extension><extension url="value"><valueString value="https://hl7.pt/fhir/NoticiaNascimento/history.html"/></extension></extension><extension url="http://hl7.org/fhir/tools/StructureDefinition/ig-parameter"><extension url="code"><valueString value="template-html"/></extension><extension url="value"><valueString value="template-page.html"/></extension></extension><extension url="http://hl7.org/fhir/tools/StructureDefinition/ig-parameter"><extension url="code"><valueString value="template-md"/></extension><extension url="value"><valueString value="template-page-md.html"/></extension></extension><extension url="http://hl7.org/fhir/tools/StructureDefinition/ig-parameter"><extension url="code"><valueString value="apply-contact"/></extension><extension url="value"><valueString value="true"/></extension></extension><extension url="http://hl7.org/fhir/tools/StructureDefinition/ig-parameter"><extension url="code"><valueString value="apply-context"/></extension><extension url="value"><valueString value="true"/></extension></extension><extension url="http://hl7.org/fhir/tools/StructureDefinition/ig-parameter"><extension url="code"><valueString value="apply-copyright"/></extension><extension url="value"><valueString value="true"/></extension></extension><extension url="http://hl7.org/fhir/tools/StructureDefinition/ig-parameter"><extension url="code"><valueString value="apply-jurisdiction"/></extension><extension url="value"><valueString value="true"/></extension></extension><extension url="http://hl7.org/fhir/tools/StructureDefinition/ig-parameter"><extension url="code"><valueString value="apply-license"/></extension><extension url="value"><valueString value="true"/></extension></extension><extension url="http://hl7.org/fhir/tools/StructureDefinition/ig-parameter"><extension url="code"><valueString value="apply-publisher"/></extension><extension url="value"><valueString value="true"/></extension></extension><extension url="http://hl7.org/fhir/tools/StructureDefinition/ig-parameter"><extension url="code"><valueString value="apply-version"/></extension><extension url="value"><valueString value="true"/></extension></extension><extension url="http://hl7.org/fhir/tools/StructureDefinition/ig-parameter"><extension url="code"><valueString value="apply-wg"/></extension><extension url="value"><valueString value="true"/></extension></extension><extension url="http://hl7.org/fhir/tools/StructureDefinition/ig-parameter"><extension url="code"><valueString value="active-tables"/></extension><extension url="value"><valueString value="true"/></extension></extension><extension url="http://hl7.org/fhir/tools/StructureDefinition/ig-parameter"><extension url="code"><valueString value="fmm-definition"/></extension><extension url="value"><valueString value="http://hl7.org/fhir/versions.html#maturity"/></extension></extension><extension url="http://hl7.org/fhir/tools/StructureDefinition/ig-parameter"><extension url="code"><valueString value="propagate-status"/></extension><extension url="value"><valueString value="true"/></extension></extension><extension url="http://hl7.org/fhir/tools/StructureDefinition/ig-parameter"><extension url="code"><valueString value="excludelogbinaryformat"/></extension><extension url="value"><valueString value="true"/></extension></extension><extension url="http://hl7.org/fhir/tools/StructureDefinition/ig-parameter"><extension url="code"><valueString value="tabbed-snapshots"/></extension><extension url="value"><valueString value="true"/></extension></extension><extension url="http://hl7.org/fhir/tools/StructureDefinition/ig-internal-dependency"><valueCode value="hl7.fhir.uv.tools.r4#0.5.0"/></extension><extension url="http://hl7.org/fhir/tools/StructureDefinition/ig-parameter"><extension url="code"><valueCode value="copyrightyear"/></extension><extension url="value"><valueString value="2024+"/></extension></extension><extension url="http://hl7.org/fhir/tools/StructureDefinition/ig-parameter"><extension url="code"><valueCode value="releaselabel"/></extension><extension url="value"><valueString value="STU1"/></extension></extension><extension url="http://hl7.org/fhir/tools/StructureDefinition/ig-parameter"><extension url="code"><valueCode value="produce-jekyll-data"/></extension><extension url="value"><valueString value="true"/></extension></extension><extension url="http://hl7.org/fhir/tools/StructureDefinition/ig-parameter"><extension url="code"><valueCode value="autoload-resources"/></extension><extension url="value"><valueString value="true"/></extension></extension><extension url="http://hl7.org/fhir/tools/StructureDefinition/ig-parameter"><extension url="code"><valueCode value="path-liquid"/></extension><extension url="value"><valueString value="template/liquid"/></extension></extension><extension url="http://hl7.org/fhir/tools/StructureDefinition/ig-parameter"><extension url="code"><valueCode value="path-liquid"/></extension><extension url="value"><valueString value="input/liquid"/></extension></extension><extension url="http://hl7.org/fhir/tools/StructureDefinition/ig-parameter"><extension url="code"><valueCode value="path-qa"/></extension><extension url="value"><valueString value="temp/qa"/></extension></extension><extension url="http://hl7.org/fhir/tools/StructureDefinition/ig-parameter"><extension url="code"><valueCode value="path-temp"/></extension><extension url="value"><valueString value="temp/pages"/></extension></extension><extension url="http://hl7.org/fhir/tools/StructureDefinition/ig-parameter"><extension url="code"><valueCode value="path-output"/></extension><extension url="value"><valueString value="output"/></extension></extension><extension url="http://hl7.org/fhir/tools/StructureDefinition/ig-parameter"><extension url="code"><valueCode value="path-suppressed-warnings"/></extension><extension url="value"><valueString value="input/ignoreWarnings.txt"/></extension></extension><extension url="http://hl7.org/fhir/tools/StructureDefinition/ig-parameter"><extension url="code"><valueCode value="path-history"/></extension><extension url="value"><valueString value="https://hl7.pt/fhir/NoticiaNascimento/history.html"/></extension></extension><extension url="http://hl7.org/fhir/tools/StructureDefinition/ig-parameter"><extension url="code"><valueCode value="template-html"/></extension><extension url="value"><valueString value="template-page.html"/></extension></extension><extension url="http://hl7.org/fhir/tools/StructureDefinition/ig-parameter"><extension url="code"><valueCode value="template-md"/></extension><extension url="value"><valueString value="template-page-md.html"/></extension></extension><extension url="http://hl7.org/fhir/tools/StructureDefinition/ig-parameter"><extension url="code"><valueCode value="apply-contact"/></extension><extension url="value"><valueString value="true"/></extension></extension><extension url="http://hl7.org/fhir/tools/StructureDefinition/ig-parameter"><extension url="code"><valueCode value="apply-context"/></extension><extension url="value"><valueString value="true"/></extension></extension><extension url="http://hl7.org/fhir/tools/StructureDefinition/ig-parameter"><extension url="code"><valueCode value="apply-copyright"/></extension><extension url="value"><valueString value="true"/></extension></extension><extension url="http://hl7.org/fhir/tools/StructureDefinition/ig-parameter"><extension url="code"><valueCode value="apply-jurisdiction"/></extension><extension url="value"><valueString value="true"/></extension></extension><extension url="http://hl7.org/fhir/tools/StructureDefinition/ig-parameter"><extension url="code"><valueCode value="apply-license"/></extension><extension url="value"><valueString value="true"/></extension></extension><extension url="http://hl7.org/fhir/tools/StructureDefinition/ig-parameter"><extension url="code"><valueCode value="apply-publisher"/></extension><extension url="value"><valueString value="true"/></extension></extension><extension url="http://hl7.org/fhir/tools/StructureDefinition/ig-parameter"><extension url="code"><valueCode value="apply-version"/></extension><extension url="value"><valueString value="true"/></extension></extension><extension url="http://hl7.org/fhir/tools/StructureDefinition/ig-parameter"><extension url="code"><valueCode value="apply-wg"/></extension><extension url="value"><valueString value="true"/></extension></extension><extension url="http://hl7.org/fhir/tools/StructureDefinition/ig-parameter"><extension url="code"><valueCode value="active-tables"/></extension><extension url="value"><valueString value="true"/></extension></extension><extension url="http://hl7.org/fhir/tools/StructureDefinition/ig-parameter"><extension url="code"><valueCode value="fmm-definition"/></extension><extension url="value"><valueString value="http://hl7.org/fhir/versions.html#maturity"/></extension></extension><extension url="http://hl7.org/fhir/tools/StructureDefinition/ig-parameter"><extension url="code"><valueCode value="propagate-status"/></extension><extension url="value"><valueString value="true"/></extension></extension><extension url="http://hl7.org/fhir/tools/StructureDefinition/ig-parameter"><extension url="code"><valueCode value="excludelogbinaryformat"/></extension><extension url="value"><valueString value="true"/></extension></extension><extension url="http://hl7.org/fhir/tools/StructureDefinition/ig-parameter"><extension url="code"><valueCode value="tabbed-snapshots"/></extension><extension url="value"><valueString value="true"/></extension></extension><extension url="http://hl7.org/fhir/tools/StructureDefinition/ig-parameter"><extension url="code"><valueCode value="copyrightyear"/></extension><extension url="value"><valueString value="2024+"/></extension></extension><extension url="http://hl7.org/fhir/tools/StructureDefinition/ig-parameter"><extension url="code"><valueCode value="releaselabel"/></extension><extension url="value"><valueString value="STU1"/></extension></extension><extension url="http://hl7.org/fhir/tools/StructureDefinition/ig-parameter"><extension url="code"><valueCode value="produce-jekyll-data"/></extension><extension url="value"><valueString value="true"/></extension></extension><extension url="http://hl7.org/fhir/tools/StructureDefinition/ig-parameter"><extension url="code"><valueCode value="autoload-resources"/></extension><extension url="value"><valueString value="true"/></extension></extension><extension url="http://hl7.org/fhir/tools/StructureDefinition/ig-parameter"><extension url="code"><valueCode value="path-liquid"/></extension><extension url="value"><valueString value="template/liquid"/></extension></extension><extension url="http://hl7.org/fhir/tools/StructureDefinition/ig-parameter"><extension url="code"><valueCode value="path-liquid"/></extension><extension url="value"><valueString value="input/liquid"/></extension></extension><extension url="http://hl7.org/fhir/tools/StructureDefinition/ig-parameter"><extension url="code"><valueCode value="path-qa"/></extension><extension url="value"><valueString value="temp/qa"/></extension></extension><extension url="http://hl7.org/fhir/tools/StructureDefinition/ig-parameter"><extension url="code"><valueCode value="path-temp"/></extension><extension url="value"><valueString value="temp/pages"/></extension></extension><extension url="http://hl7.org/fhir/tools/StructureDefinition/ig-parameter"><extension url="code"><valueCode value="path-output"/></extension><extension url="value"><valueString value="output"/></extension></extension><extension url="http://hl7.org/fhir/tools/StructureDefinition/ig-parameter"><extension url="code"><valueCode value="path-suppressed-warnings"/></extension><extension url="value"><valueString value="input/ignoreWarnings.txt"/></extension></extension><extension url="http://hl7.org/fhir/tools/StructureDefinition/ig-parameter"><extension url="code"><valueCode value="path-history"/></extension><extension url="value"><valueString value="https://hl7.pt/fhir/NoticiaNascimento/history.html"/></extension></extension><extension url="http://hl7.org/fhir/tools/StructureDefinition/ig-parameter"><extension url="code"><valueCode value="template-html"/></extension><extension url="value"><valueString value="template-page.html"/></extension></extension><extension url="http://hl7.org/fhir/tools/StructureDefinition/ig-parameter"><extension url="code"><valueCode value="template-md"/></extension><extension url="value"><valueString value="template-page-md.html"/></extension></extension><extension url="http://hl7.org/fhir/tools/StructureDefinition/ig-parameter"><extension url="code"><valueCode value="apply-contact"/></extension><extension url="value"><valueString value="true"/></extension></extension><extension url="http://hl7.org/fhir/tools/StructureDefinition/ig-parameter"><extension url="code"><valueCode value="apply-context"/></extension><extension url="value"><valueString value="true"/></extension></extension><extension url="http://hl7.org/fhir/tools/StructureDefinition/ig-parameter"><extension url="code"><valueCode value="apply-copyright"/></extension><extension url="value"><valueString value="true"/></extension></extension><extension url="http://hl7.org/fhir/tools/StructureDefinition/ig-parameter"><extension url="code"><valueCode value="apply-jurisdiction"/></extension><extension url="value"><valueString value="true"/></extension></extension><extension url="http://hl7.org/fhir/tools/StructureDefinition/ig-parameter"><extension url="code"><valueCode value="apply-license"/></extension><extension url="value"><valueString value="true"/></extension></extension><extension url="http://hl7.org/fhir/tools/StructureDefinition/ig-parameter"><extension url="code"><valueCode value="apply-publisher"/></extension><extension url="value"><valueString value="true"/></extension></extension><extension url="http://hl7.org/fhir/tools/StructureDefinition/ig-parameter"><extension url="code"><valueCode value="apply-version"/></extension><extension url="value"><valueString value="true"/></extension></extension><extension url="http://hl7.org/fhir/tools/StructureDefinition/ig-parameter"><extension url="code"><valueCode value="apply-wg"/></extension><extension url="value"><valueString value="true"/></extension></extension><extension url="http://hl7.org/fhir/tools/StructureDefinition/ig-parameter"><extension url="code"><valueCode value="active-tables"/></extension><extension url="value"><valueString value="true"/></extension></extension><extension url="http://hl7.org/fhir/tools/StructureDefinition/ig-parameter"><extension url="code"><valueCode value="fmm-definition"/></extension><extension url="value"><valueString value="http://hl7.org/fhir/versions.html#maturity"/></extension></extension><extension url="http://hl7.org/fhir/tools/StructureDefinition/ig-parameter"><extension url="code"><valueCode value="propagate-status"/></extension><extension url="value"><valueString value="true"/></extension></extension><extension url="http://hl7.org/fhir/tools/StructureDefinition/ig-parameter"><extension url="code"><valueCode value="excludelogbinaryformat"/></extension><extension url="value"><valueString value="true"/></extension></extension><extension url="http://hl7.org/fhir/tools/StructureDefinition/ig-parameter"><extension url="code"><valueCode value="tabbed-snapshots"/></extension><extension url="value"><valueString value="true"/></extension></extension><grouping id="-str-logicalmodel"><name value="Structures: Logical Models"/><description value="These define data models that represent the domain covered by this implementation guide in more business-friendly terms than the underlying FHIR resources."/></grouping><grouping id="-str-profile"><name value="Structures: Resource Profiles"/><description value="These define constraints on FHIR resources for systems conforming to this implementation guide."/></grouping><grouping id="-str-extension"><name value="Structures: Extension Definitions"/><description value="These define constraints on FHIR data types for systems conforming to this implementation guide."/></grouping><grouping id="-term-valueset"><name value="Terminology: Value Sets"/><description value="These define sets of codes used by systems conforming to this implementation guide."/></grouping><grouping id="-term-codesystem"><name value="Terminology: Code Systems"/><description value="These define new code systems used by systems conforming to this implementation guide."/></grouping><grouping id="-ex-example"><name value="Example: Example Instances"/><description value="These are example instances that show what data produced and consumed by systems conforming with this implementation guide might look like."/></grouping><resource><extension url="http://hl7.org/fhir/tools/StructureDefinition/resource-sort"><valueInteger value="999999999"/></extension><extension url="http://hl7.org/fhir/StructureDefinition/implementationguide-page"><valueUri value="StructureDefinition-ContactLM.html"/></extension><reference><reference value="StructureDefinition/ContactLM"/></reference><name value="Contacto (modelo)"/><description value="Modelo Lógico - Contacto"/><exampleBoolean value="false"/><groupingId value="-str-logicalmodel"/></resource><resource><extension url="http://hl7.org/fhir/tools/StructureDefinition/resource-sort"><valueInteger value="999999999"/></extension><extension url="http://hl7.org/fhir/StructureDefinition/implementationguide-page"><valueUri value="StructureDefinition-DestinationLN.html"/></extension><reference><reference value="StructureDefinition/DestinationLN"/></reference><name value="Dados da inscrição nos cuidados de saúde primários (modelo)"/><description value="Modelo Lógico - Dados da inscrição nos cuidados de saúde primários"/><exampleBoolean value="false"/><groupingId value="-str-logicalmodel"/></resource><resource><extension url="http://hl7.org/fhir/tools/StructureDefinition/resource-sort"><valueInteger value="999999999"/></extension><extension url="http://hl7.org/fhir/StructureDefinition/implementationguide-page"><valueUri value="StructureDefinition-MotherDemographicsLM.html"/></extension><reference><reference value="StructureDefinition/MotherDemographicsLM"/></reference><name value="Dados demográficos da mãe (modelo)"/><description value="Modelo Lógico - Dados demográficos da mãe"/><exampleBoolean value="false"/><groupingId value="-str-logicalmodel"/></resource><resource><extension url="http://hl7.org/fhir/tools/StructureDefinition/resource-sort"><valueInteger value="999999999"/></extension><extension url="http://hl7.org/fhir/StructureDefinition/implementationguide-page"><valueUri value="StructureDefinition-PregnancyLM.html"/></extension><reference><reference value="StructureDefinition/PregnancyLM"/></reference><name value="Gravidez (modelo)"/><description value="Modelo Lógico - Gravidez"/><exampleBoolean value="false"/><groupingId value="-str-logicalmodel"/></resource><resource><extension url="http://hl7.org/fhir/tools/StructureDefinition/resource-sort"><valueInteger value="999999999"/></extension><extension url="http://hl7.org/fhir/StructureDefinition/implementationguide-page"><valueUri value="StructureDefinition-CoredaNoticiaLM.html"/></extension><reference><reference value="StructureDefinition/CoredaNoticiaLM"/></reference><name value="Informações Core da Noticia (modelo)"/><description value="Modelo Lógico - Informações Core da Noticia"/><exampleBoolean value="false"/><groupingId value="-str-logicalmodel"/></resource><resource><extension url="http://hl7.org/fhir/tools/StructureDefinition/resource-sort"><valueInteger value="999999999"/></extension><extension url="http://hl7.org/fhir/StructureDefinition/implementationguide-page"><valueUri value="StructureDefinition-NoticiaLM.html"/></extension><reference><reference value="StructureDefinition/NoticiaLM"/></reference><name value="Notícia de Nascimento (modelo)"/><description value="Modelo Lógico - Notícia de Nascimento"/><exampleBoolean value="false"/><groupingId value="-str-logicalmodel"/></resource><resource><extension url="http://hl7.org/fhir/tools/StructureDefinition/resource-sort"><valueInteger value="999999999"/></extension><extension url="http://hl7.org/fhir/StructureDefinition/implementationguide-page"><valueUri value="StructureDefinition-ProfessionalLM.html"/></extension><reference><reference value="StructureDefinition/ProfessionalLM"/></reference><name value="Professional (Modelo)"/><description value="Modelo Lógico - Professional"/><exampleBoolean value="false"/><groupingId value="-str-logicalmodel"/></resource><resource><extension url="http://hl7.org/fhir/tools/StructureDefinition/resource-sort"><valueInteger value="999999999"/></extension><extension url="http://hl7.org/fhir/StructureDefinition/implementationguide-page"><valueUri value="StructureDefinition-NewBornLM.html"/></extension><reference><reference value="StructureDefinition/NewBornLM"/></reference><name value="Recem-nascido (modelo)"/><description value="Modelo Lógico - Recem-nascido"/><exampleBoolean value="false"/><groupingId value="-str-logicalmodel"/></resource><resource><extension url="http://hl7.org/fhir/tools/StructureDefinition/resource-sort"><valueInteger value="999999999"/></extension><extension url="http://hl7.org/fhir/StructureDefinition/implementationguide-page"><valueUri value="StructureDefinition-VaccineLM.html"/></extension><reference><reference value="StructureDefinition/VaccineLM"/></reference><name value="Vacina (modelo)"/><description value="Modelo Lógico - Vacina"/><exampleBoolean value="false"/><groupingId value="-str-logicalmodel"/></resource><resource><extension url="http://hl7.org/fhir/tools/StructureDefinition/resource-sort"><valueInteger value="999999999"/></extension><extension url="http://hl7.org/fhir/StructureDefinition/implementationguide-page"><valueUri value="StructureDefinition-Mother.html"/></extension><reference><reference value="StructureDefinition/Mother"/></reference><name value="Perfil da mãe"/><description value="Perfil da mãe"/><exampleBoolean value="false"/><groupingId value="-str-profile"/></resource><resource><extension url="http://hl7.org/fhir/tools/StructureDefinition/resource-sort"><valueInteger value="999999999"/></extension><extension url="http://hl7.org/fhir/StructureDefinition/implementationguide-page"><valueUri value="StructureDefinition-Childhealthsurveilance.html"/></extension><reference><reference value="StructureDefinition/Childhealthsurveilance"/></reference><name value="Perfil da vigilância de saúde infantil"/><description value="Perfil da vigilância de saúde infantil"/><exampleBoolean value="false"/><groupingId value="-str-profile"/></resource><resource><extension url="http://hl7.org/fhir/tools/StructureDefinition/resource-sort"><valueInteger value="999999999"/></extension><extension url="http://hl7.org/fhir/StructureDefinition/implementationguide-page"><valueUri value="StructureDefinition-Pregnancy.html"/></extension><reference><reference value="StructureDefinition/Pregnancy"/></reference><name value="Perfil de Informação de gravidez"/><description value="Perfil de Informação de gravidez"/><exampleBoolean value="false"/><groupingId value="-str-profile"/></resource><resource><extension url="http://hl7.org/fhir/tools/StructureDefinition/resource-sort"><valueInteger value="999999999"/></extension><extension url="http://hl7.org/fhir/StructureDefinition/implementationguide-page"><valueUri value="StructureDefinition-Birth.html"/></extension><reference><reference value="StructureDefinition/Birth"/></reference><name value="Perfil de Informação do Parto"/><description value="Perfil de Informação do Parto"/><exampleBoolean value="false"/><groupingId value="-str-profile"/></resource><resource><extension url="http://hl7.org/fhir/tools/StructureDefinition/resource-sort"><valueInteger value="999999999"/></extension><extension url="http://hl7.org/fhir/StructureDefinition/implementationguide-page"><valueUri value="StructureDefinition-Newbornriskassessment.html"/></extension><reference><reference value="StructureDefinition/Newbornriskassessment"/></reference><name value="Perfil de Informação sobre Avaliação de risco e referenciação ao NHACJR"/><description value="Perfil de Informação sobre Avaliação de risco e referenciação ao NHACJR"/><exampleBoolean value="false"/><groupingId value="-str-profile"/></resource><resource><extension url="http://hl7.org/fhir/tools/StructureDefinition/resource-sort"><valueInteger value="999999999"/></extension><extension url="http://hl7.org/fhir/StructureDefinition/implementationguide-page"><valueUri value="StructureDefinition-Bulletindelivery.html"/></extension><reference><reference value="StructureDefinition/Bulletindelivery"/></reference><name value="Perfil de Informação sobre entrega de boletim"/><description value="Perfil de Informação sobre entrega de boletim"/><exampleBoolean value="false"/><groupingId value="-str-profile"/></resource><resource><extension url="http://hl7.org/fhir/tools/StructureDefinition/resource-sort"><valueInteger value="999999999"/></extension><extension url="http://hl7.org/fhir/StructureDefinition/implementationguide-page"><valueUri value="StructureDefinition-Bcg.html"/></extension><reference><reference value="StructureDefinition/Bcg"/></reference><name value="Perfil de Informação sobre vacinação - BCG"/><description value="Perfil de Informação sobre vacinação - BCG"/><exampleBoolean value="false"/><groupingId value="-str-profile"/></resource><resource><extension url="http://hl7.org/fhir/tools/StructureDefinition/resource-sort"><valueInteger value="999999999"/></extension><extension url="http://hl7.org/fhir/StructureDefinition/implementationguide-page"><valueUri value="StructureDefinition-Antid.html"/></extension><reference><reference value="StructureDefinition/Antid"/></reference><name value="Perfil de Informação sobre vacinação - antid"/><description value="Perfil de Informação sobre vacinação - antid"/><exampleBoolean value="false"/><groupingId value="-str-profile"/></resource><resource><extension url="http://hl7.org/fhir/tools/StructureDefinition/resource-sort"><valueInteger value="999999999"/></extension><extension url="http://hl7.org/fhir/StructureDefinition/implementationguide-page"><valueUri value="StructureDefinition-Hepb.html"/></extension><reference><reference value="StructureDefinition/Hepb"/></reference><name value="Perfil de Informação sobre vacinação - hepb"/><description value="Perfil de Informação sobre vacinação - hepb"/><exampleBoolean value="false"/><groupingId value="-str-profile"/></resource><resource><extension url="http://hl7.org/fhir/tools/StructureDefinition/resource-sort"><valueInteger value="999999999"/></extension><extension url="http://hl7.org/fhir/StructureDefinition/implementationguide-page"><valueUri value="StructureDefinition-Malformation.html"/></extension><reference><reference value="StructureDefinition/Malformation"/></reference><name value="Perfil de informação clinicas - Dados de malformações"/><description value="Perfil de informação clinicas - Dados de malformações"/><exampleBoolean value="false"/><groupingId value="-str-profile"/></resource><resource><extension url="http://hl7.org/fhir/tools/StructureDefinition/resource-sort"><valueInteger value="999999999"/></extension><extension url="http://hl7.org/fhir/StructureDefinition/implementationguide-page"><valueUri value="StructureDefinition-Phototherapy.html"/></extension><reference><reference value="StructureDefinition/Phototherapy"/></reference><name value="Perfil de informação clinicas - Fototerapia"/><description value="Perfil de informação clinicas - Fototerapia"/><exampleBoolean value="false"/><groupingId value="-str-profile"/></resource><resource><extension url="http://hl7.org/fhir/tools/StructureDefinition/resource-sort"><valueInteger value="999999999"/></extension><extension url="http://hl7.org/fhir/StructureDefinition/implementationguide-page"><valueUri value="StructureDefinition-Congenital.html"/></extension><reference><reference value="StructureDefinition/Congenital"/></reference><name value="Perfil de informação clinicas - Rastreio Cardiopatias Congénitas"/><description value="Perfil de informação clinicas - Rastreio Cardiopatias Congénitas"/><exampleBoolean value="false"/><groupingId value="-str-profile"/></resource><resource><extension url="http://hl7.org/fhir/tools/StructureDefinition/resource-sort"><valueInteger value="999999999"/></extension><extension url="http://hl7.org/fhir/StructureDefinition/implementationguide-page"><valueUri value="StructureDefinition-Hearingscreen.html"/></extension><reference><reference value="StructureDefinition/Hearingscreen"/></reference><name value="Perfil de informação clinicas - Rastreio auditivo neonatal universal"/><description value="Perfil de informação clinicas - Rastreio auditivo neonatal universal"/><exampleBoolean value="false"/><groupingId value="-str-profile"/></resource><resource><extension url="http://hl7.org/fhir/tools/StructureDefinition/resource-sort"><valueInteger value="999999999"/></extension><extension url="http://hl7.org/fhir/StructureDefinition/implementationguide-page"><valueUri value="StructureDefinition-Metabolic.html"/></extension><reference><reference value="StructureDefinition/Metabolic"/></reference><name value="Perfil de informação clinicas - Rastreio de doenças metabólicas"/><description value="Perfil de informação clinicas - Rastreio de doenças metabólicas"/><exampleBoolean value="false"/><groupingId value="-str-profile"/></resource><resource><extension url="http://hl7.org/fhir/tools/StructureDefinition/resource-sort"><valueInteger value="999999999"/></extension><extension url="http://hl7.org/fhir/StructureDefinition/implementationguide-page"><valueUri value="StructureDefinition-Pupillary.html"/></extension><reference><reference value="StructureDefinition/Pupillary"/></reference><name value="Perfil de informação clinicas - Teste Reflexo pupilar"/><description value="Perfil de informação clinicas - Teste Reflexo pupilar"/><exampleBoolean value="false"/><groupingId value="-str-profile"/></resource><resource><extension url="http://hl7.org/fhir/tools/StructureDefinition/resource-sort"><valueInteger value="999999999"/></extension><extension url="http://hl7.org/fhir/StructureDefinition/implementationguide-page"><valueUri value="StructureDefinition-ApgarScore.html"/></extension><reference><reference value="StructureDefinition/ApgarScore"/></reference><name value="Perfil de informação clinicas - apgarScore"/><description value="Perfil de informação clinicas - apgarScore"/><exampleBoolean value="false"/><groupingId value="-str-profile"/></resource><resource><extension url="http://hl7.org/fhir/tools/StructureDefinition/resource-sort"><valueInteger value="999999999"/></extension><extension url="http://hl7.org/fhir/StructureDefinition/implementationguide-page"><valueUri value="StructureDefinition-Transport.html"/></extension><reference><reference value="StructureDefinition/Transport"/></reference><name value="Perfil de informação sobre Transportes"/><description value="Perfil de informação sobre Transportes"/><exampleBoolean value="false"/><groupingId value="-str-profile"/></resource><resource><extension url="http://hl7.org/fhir/tools/StructureDefinition/resource-sort"><valueInteger value="999999999"/></extension><extension url="http://hl7.org/fhir/StructureDefinition/implementationguide-page"><valueUri value="StructureDefinition-CompositionNoticia.html"/></extension><reference><reference value="StructureDefinition/CompositionNoticia"/></reference><name value="Perfil do recurso Composition que cria as secções da noticia nascimento"/><description value="Perfil do recurso Composition que cria as secções da noticia nascimento"/><exampleBoolean value="false"/><groupingId value="-str-profile"/></resource><resource><extension url="http://hl7.org/fhir/tools/StructureDefinition/resource-sort"><valueInteger value="999999999"/></extension><extension url="http://hl7.org/fhir/StructureDefinition/implementationguide-page"><valueUri value="StructureDefinition-Child.html"/></extension><reference><reference value="StructureDefinition/Child"/></reference><name value="Perfil do recém-nascido"/><description value="Perfil do recém-nascido"/><exampleBoolean value="false"/><groupingId value="-str-profile"/></resource><resource><extension url="http://hl7.org/fhir/tools/StructureDefinition/resource-sort"><valueInteger value="999999999"/></extension><extension url="http://hl7.org/fhir/StructureDefinition/implementationguide-page"><valueUri value="StructureDefinition-Professional.html"/></extension><reference><reference value="StructureDefinition/Professional"/></reference><name value="Perfil para o profissional de saúde"/><description value="Perfil para o profissional de saúde"/><exampleBoolean value="false"/><groupingId value="-str-profile"/></resource><resource><extension url="http://hl7.org/fhir/tools/StructureDefinition/resource-sort"><valueInteger value="999999999"/></extension><extension url="http://hl7.org/fhir/StructureDefinition/implementationguide-page"><valueUri value="StructureDefinition-Puerperium.html"/></extension><reference><reference value="StructureDefinition/Puerperium"/></reference><name value="Perfil para registar dados do puerpério até à alta"/><description value="Perfil para registar dados do puerpério até à alta"/><exampleBoolean value="false"/><groupingId value="-str-profile"/></resource><resource><extension url="http://hl7.org/fhir/tools/StructureDefinition/resource-sort"><valueInteger value="999999999"/></extension><extension url="http://hl7.org/fhir/StructureDefinition/implementationguide-page"><valueUri value="StructureDefinition-Letter.html"/></extension><reference><reference value="StructureDefinition/Letter"/></reference><name value="Perfil sobre Elaboração de carta com informação clínica suplementar"/><description value="Perfil sobre Elaboração de carta com informação clínica suplementar"/><exampleBoolean value="false"/><groupingId value="-str-profile"/></resource><resource><extension url="http://hl7.org/fhir/tools/StructureDefinition/resource-sort"><valueInteger value="999999999"/></extension><extension url="http://hl7.org/fhir/StructureDefinition/implementationguide-page"><valueUri value="StructureDefinition-Vaccination.html"/></extension><reference><reference value="StructureDefinition/Vaccination"/></reference><name value="Perfil sobre Informação sobre vacinação - genérico"/><description value="Perfil sobre Informação sobre vacinação - genérico"/><exampleBoolean value="false"/><groupingId value="-str-profile"/></resource><resource><extension url="http://hl7.org/fhir/tools/StructureDefinition/resource-sort"><valueInteger value="999999999"/></extension><extension url="http://hl7.org/fhir/StructureDefinition/implementationguide-page"><valueUri value="StructureDefinition-Contact.html"/></extension><reference><reference value="StructureDefinition/Contact"/></reference><name value="Perfil sobre episódio da notícia de nascimento"/><description value="Perfil sobre episódio da notícia de nascimento"/><exampleBoolean value="false"/><groupingId value="-str-profile"/></resource><resource><extension url="http://hl7.org/fhir/tools/StructureDefinition/resource-sort"><valueInteger value="999999999"/></extension><extension url="http://hl7.org/fhir/StructureDefinition/implementationguide-page"><valueUri value="StructureDefinition-transport-information.html"/></extension><reference><reference value="StructureDefinition/transport-information"/></reference><name value="Extensão sobre informação sobre Transportes"/><description value="Extensão sobre informação sobre Transportes"/><exampleBoolean value="false"/><groupingId value="-str-extension"/></resource><resource><extension url="http://hl7.org/fhir/tools/StructureDefinition/resource-sort"><valueInteger value="999999999"/></extension><extension url="http://hl7.org/fhir/StructureDefinition/implementationguide-page"><valueUri value="StructureDefinition-ReferenciaNHACJR.html"/></extension><reference><reference value="StructureDefinition/ReferenciaNHACJR"/></reference><name value="ReferenciaNHACJR"/><description value="Referenciação ao Núcleo Hospitalar de Apoio Criança e Jovens em risco (NHACJR)"/><exampleBoolean value="false"/><groupingId value="-str-extension"/></resource><resource><extension url="http://hl7.org/fhir/tools/StructureDefinition/resource-sort"><valueInteger value="999999999"/></extension><extension url="http://hl7.org/fhir/StructureDefinition/implementationguide-page"><valueUri value="ValueSet-bulletin-delivery-vs.html"/></extension><reference><reference value="ValueSet/bulletin-delivery-vs"/></reference><name value="Envio de boletim ValueSet"/><description value="Envio de boletim ValueSet"/><exampleBoolean value="false"/><groupingId value="-term-valueset"/></resource><resource><extension url="http://hl7.org/fhir/tools/StructureDefinition/resource-sort"><valueInteger value="999999999"/></extension><extension url="http://hl7.org/fhir/StructureDefinition/implementationguide-page"><valueUri value="ValueSet-risco-gravidez-vs.html"/></extension><reference><reference value="ValueSet/risco-gravidez-vs"/></reference><name value="Risco de gravidez ValueSet"/><description value="Risco de gravidez ValueSet"/><exampleBoolean value="false"/><groupingId value="-term-valueset"/></resource><resource><extension url="http://hl7.org/fhir/tools/StructureDefinition/resource-sort"><valueInteger value="999999999"/></extension><extension url="http://hl7.org/fhir/StructureDefinition/implementationguide-page"><valueUri value="ValueSet-document-type-vs.html"/></extension><reference><reference value="ValueSet/document-type-vs"/></reference><name value="Tipo de documento ValueSet"/><description value="Tipo de documento ValueSet"/><exampleBoolean value="false"/><groupingId value="-term-valueset"/></resource><resource><extension url="http://hl7.org/fhir/tools/StructureDefinition/resource-sort"><valueInteger value="999999999"/></extension><extension url="http://hl7.org/fhir/StructureDefinition/implementationguide-page"><valueUri value="ValueSet-tipo-gravidez-vs.html"/></extension><reference><reference value="ValueSet/tipo-gravidez-vs"/></reference><name value="Tipo de gravidez ValueSet"/><description value="Tipo de gravidez ValueSet"/><exampleBoolean value="false"/><groupingId value="-term-valueset"/></resource><resource><extension url="http://hl7.org/fhir/tools/StructureDefinition/resource-sort"><valueInteger value="999999999"/></extension><extension url="http://hl7.org/fhir/StructureDefinition/implementationguide-page"><valueUri value="ValueSet-newborn-congenital-anomalies-vs.html"/></extension><reference><reference value="ValueSet/newborn-congenital-anomalies-vs"/></reference><name value="Tipos de doença congénita ValueSet"/><description value="Tipos de doença congénita ValueSet"/><exampleBoolean value="false"/><groupingId value="-term-valueset"/></resource><resource><extension url="http://hl7.org/fhir/tools/StructureDefinition/resource-sort"><valueInteger value="999999999"/></extension><extension url="http://hl7.org/fhir/StructureDefinition/implementationguide-page"><valueUri value="ValueSet-episode-type-vs.html"/></extension><reference><reference value="ValueSet/episode-type-vs"/></reference><name value="Tipos de episódio ValueSet"/><description value="Tipos de episódio ValueSet"/><exampleBoolean value="false"/><groupingId value="-term-valueset"/></resource><resource><extension url="http://hl7.org/fhir/tools/StructureDefinition/resource-sort"><valueInteger value="999999999"/></extension><extension url="http://hl7.org/fhir/StructureDefinition/implementationguide-page"><valueUri value="ValueSet-puerperium-vs.html"/></extension><reference><reference value="ValueSet/puerperium-vs"/></reference><name value="Tipos de outcome de puerpério ValueSet"/><description value="Tipos de outcome de puerpério ValueSet"/><exampleBoolean value="false"/><groupingId value="-term-valueset"/></resource><resource><extension url="http://hl7.org/fhir/tools/StructureDefinition/resource-sort"><valueInteger value="999999999"/></extension><extension url="http://hl7.org/fhir/StructureDefinition/implementationguide-page"><valueUri value="ValueSet-tipo-parto-vs.html"/></extension><reference><reference value="ValueSet/tipo-parto-vs"/></reference><name value="Tipos de parto ValueSet"/><description value="Tipos de parto ValueSet"/><exampleBoolean value="false"/><groupingId value="-term-valueset"/></resource><resource><extension url="http://hl7.org/fhir/tools/StructureDefinition/resource-sort"><valueInteger value="999999999"/></extension><extension url="http://hl7.org/fhir/StructureDefinition/implementationguide-page"><valueUri value="ValueSet-newbornriskassessment-vs.html"/></extension><reference><reference value="ValueSet/newbornriskassessment-vs"/></reference><name value="Tipos de risco para avaliação de recém-nascidos ValueSet"/><description value="Tipos de risco para avaliação de recém-nascidos ValueSet"/><exampleBoolean value="false"/><groupingId value="-term-valueset"/></resource><resource><extension url="http://hl7.org/fhir/tools/StructureDefinition/resource-sort"><valueInteger value="999999999"/></extension><extension url="http://hl7.org/fhir/StructureDefinition/implementationguide-page"><valueUri value="ValueSet-transport-type-vs.html"/></extension><reference><reference value="ValueSet/transport-type-vs"/></reference><name value="Tipos de transporte de recém-nascido ValueSet"/><description value="Tipos de transporte de recém-nascido ValueSet"/><exampleBoolean value="false"/><groupingId value="-term-valueset"/></resource><resource><extension url="http://hl7.org/fhir/tools/StructureDefinition/resource-sort"><valueInteger value="999999999"/></extension><extension url="http://hl7.org/fhir/StructureDefinition/implementationguide-page"><valueUri value="ValueSet-vacinas-infancia-vs.html"/></extension><reference><reference value="ValueSet/vacinas-infancia-vs"/></reference><name value="Vacinas ValueSet"/><description value="Vacinas ValueSet"/><exampleBoolean value="false"/><groupingId value="-term-valueset"/></resource><resource><extension url="http://hl7.org/fhir/tools/StructureDefinition/resource-sort"><valueInteger value="999999999"/></extension><extension url="http://hl7.org/fhir/StructureDefinition/implementationguide-page"><valueUri value="CodeSystem-documentclassificationCS.html"/></extension><reference><reference value="CodeSystem/documentclassificationCS"/></reference><name value="Classficação de documentos CodeSystem"/><description value="Classficação de documentos CodeSystem"/><exampleBoolean value="false"/><groupingId value="-term-codesystem"/></resource><resource><extension url="http://hl7.org/fhir/tools/StructureDefinition/resource-sort"><valueInteger value="999999999"/></extension><extension url="http://hl7.org/fhir/StructureDefinition/implementationguide-page"><valueUri value="CodeSystem-InfosGravidezCS.html"/></extension><reference><reference value="CodeSystem/InfosGravidezCS"/></reference><name value="Elementos adicionais de informação gravidez CodeSystem"/><description value="Elementos adicionais de informação gravidez CodeSystem - Criado por falta de um código internacional ideal"/><exampleBoolean value="false"/><groupingId value="-term-codesystem"/></resource><resource><extension url="http://hl7.org/fhir/tools/StructureDefinition/resource-sort"><valueInteger value="999999999"/></extension><extension url="http://hl7.org/fhir/StructureDefinition/implementationguide-page"><valueUri value="CodeSystem-tipo-episodio-cs.html"/></extension><reference><reference value="CodeSystem/tipo-episodio-cs"/></reference><name value="Tipos de episódio CodeSystem"/><description value="Tipos de episódio CodeSystem"/><exampleBoolean value="false"/><groupingId value="-term-codesystem"/></resource><resource><extension url="http://hl7.org/fhir/tools/StructureDefinition/resource-sort"><valueInteger value="999999999"/></extension><extension url="http://hl7.org/fhir/StructureDefinition/implementationguide-page"><valueUri value="Procedure-BirthNN.html"/></extension><reference><reference value="Procedure/BirthNN"/></reference><name value="BirthNN"/><description value="Exemplo nascimento"/><exampleCanonical value="https://hl7.pt/fhir/NoticiaNascimento/StructureDefinition/Birth"/><groupingId value="-ex-example"/></resource><resource><extension url="http://hl7.org/fhir/tools/StructureDefinition/resource-sort"><valueInteger value="999999999"/></extension><extension url="http://hl7.org/fhir/StructureDefinition/implementationguide-page"><valueUri value="Composition-compNN.html"/></extension><reference><reference value="Composition/compNN"/></reference><name value="Noticia de Nascimento de recém-nascido"/><description value="Exemplo Composition"/><exampleCanonical value="https://hl7.pt/fhir/NoticiaNascimento/StructureDefinition/CompositionNoticia"/><groupingId value="-ex-example"/></resource><resource><extension url="http://hl7.org/fhir/tools/StructureDefinition/resource-sort"><valueInteger value="999999999"/></extension><extension url="http://hl7.org/fhir/StructureDefinition/implementationguide-page"><valueUri value="PractitionerRole-ObsRole.html"/></extension><reference><reference value="PractitionerRole/ObsRole"/></reference><name value="ObsRole"/><exampleBoolean value="true"/><groupingId value="-ex-example"/></resource><resource><extension url="http://hl7.org/fhir/tools/StructureDefinition/resource-sort"><valueInteger value="999999999"/></extension><extension url="http://hl7.org/fhir/StructureDefinition/implementationguide-page"><valueUri value="Observation-apgar-example.html"/></extension><reference><reference value="Observation/apgar-example"/></reference><name value="apgar-example"/><description value="Exemplo de Apgar"/><exampleCanonical value="https://hl7.pt/fhir/NoticiaNascimento/StructureDefinition/ApgarScore"/><groupingId value="-ex-example"/></resource><resource><extension url="http://hl7.org/fhir/tools/StructureDefinition/resource-sort"><valueInteger value="999999999"/></extension><extension url="http://hl7.org/fhir/StructureDefinition/implementationguide-page"><valueUri value="Observation-body-weigth-example.html"/></extension><reference><reference value="Observation/body-weigth-example"/></reference><name value="body-weigth-example"/><description value="Exemplo peso recem-nascido"/><exampleBoolean value="true"/><groupingId value="-ex-example"/></resource><resource><extension url="http://hl7.org/fhir/tools/StructureDefinition/resource-sort"><valueInteger value="999999999"/></extension><extension url="http://hl7.org/fhir/StructureDefinition/implementationguide-page"><valueUri value="Observation-cephalic-perimeter-example.html"/></extension><reference><reference value="Observation/cephalic-perimeter-example"/></reference><name value="cephalic-perimeter-example"/><description value="Exemplo perimetro cefálico"/><exampleBoolean value="true"/><groupingId value="-ex-example"/></resource><resource><extension url="http://hl7.org/fhir/tools/StructureDefinition/resource-sort"><valueInteger value="999999999"/></extension><extension url="http://hl7.org/fhir/StructureDefinition/implementationguide-page"><valueUri value="Organization-childhealthsurveilance-ex.html"/></extension><reference><reference value="Organization/childhealthsurveilance-ex"/></reference><name value="childhealthsurveilance-ex"/><description value="Exemplo da vigilância de saúde infantil"/><exampleCanonical value="https://hl7.pt/fhir/NoticiaNascimento/StructureDefinition/Childhealthsurveilance"/><groupingId value="-ex-example"/></resource><resource><extension url="http://hl7.org/fhir/tools/StructureDefinition/resource-sort"><valueInteger value="999999999"/></extension><extension url="http://hl7.org/fhir/StructureDefinition/implementationguide-page"><valueUri value="Observation-congenital-example.html"/></extension><reference><reference value="Observation/congenital-example"/></reference><name value="congenital-example"/><description value="Exemplo de registo de doença congénita"/><exampleCanonical value="https://hl7.pt/fhir/NoticiaNascimento/StructureDefinition/Congenital"/><groupingId value="-ex-example"/></resource><resource><extension url="http://hl7.org/fhir/tools/StructureDefinition/resource-sort"><valueInteger value="999999999"/></extension><extension url="http://hl7.org/fhir/StructureDefinition/implementationguide-page"><valueUri value="Organization-destino.html"/></extension><reference><reference value="Organization/destino"/></reference><name value="destino"/><description value="Exemplo destino"/><exampleBoolean value="true"/><groupingId value="-ex-example"/></resource><resource><extension url="http://hl7.org/fhir/tools/StructureDefinition/resource-sort"><valueInteger value="999999999"/></extension><extension url="http://hl7.org/fhir/StructureDefinition/implementationguide-page"><valueUri value="Encounter-episodio.html"/></extension><reference><reference value="Encounter/episodio"/></reference><name value="episodio"/><description value="Exemplo episódio contacto"/><exampleCanonical value="https://hl7.pt/fhir/NoticiaNascimento/StructureDefinition/Contact"/><groupingId value="-ex-example"/></resource><resource><extension url="http://hl7.org/fhir/tools/StructureDefinition/resource-sort"><valueInteger value="999999999"/></extension><extension url="http://hl7.org/fhir/StructureDefinition/implementationguide-page"><valueUri value="Encounter-episodioInt.html"/></extension><reference><reference value="Encounter/episodioInt"/></reference><name value="episodioInt"/><description value="Exemplo internamento"/><exampleBoolean value="true"/><groupingId value="-ex-example"/></resource><resource><extension url="http://hl7.org/fhir/tools/StructureDefinition/resource-sort"><valueInteger value="999999999"/></extension><extension url="http://hl7.org/fhir/StructureDefinition/implementationguide-page"><valueUri value="Bundle-exemploNN.html"/></extension><reference><reference value="Bundle/exemploNN"/></reference><name value="exemploNN"/><description value="Exemplo Noticia Nascimento"/><exampleBoolean value="true"/><groupingId value="-ex-example"/></resource><resource><extension url="http://hl7.org/fhir/tools/StructureDefinition/resource-sort"><valueInteger value="999999999"/></extension><extension url="http://hl7.org/fhir/StructureDefinition/implementationguide-page"><valueUri value="Organization-inst.html"/></extension><reference><reference value="Organization/inst"/></reference><name value="inst"/><description value="Exemplo Instituição"/><exampleBoolean value="true"/><groupingId value="-ex-example"/></resource><resource><extension url="http://hl7.org/fhir/tools/StructureDefinition/resource-sort"><valueInteger value="999999999"/></extension><extension url="http://hl7.org/fhir/StructureDefinition/implementationguide-page"><valueUri value="Observation-length-example.html"/></extension><reference><reference value="Observation/length-example"/></reference><name value="length-example"/><description value="Exemplo altura recem-nascido"/><exampleBoolean value="true"/><groupingId value="-ex-example"/></resource><resource><extension url="http://hl7.org/fhir/tools/StructureDefinition/resource-sort"><valueInteger value="999999999"/></extension><extension url="http://hl7.org/fhir/StructureDefinition/implementationguide-page"><valueUri value="Patient-mother.html"/></extension><reference><reference value="Patient/mother"/></reference><name value="mother"/><description value="Exemplo Mãe"/><exampleCanonical value="https://hl7.pt/fhir/NoticiaNascimento/StructureDefinition/Mother"/><groupingId value="-ex-example"/></resource><resource><extension url="http://hl7.org/fhir/tools/StructureDefinition/resource-sort"><valueInteger value="999999999"/></extension><extension url="http://hl7.org/fhir/StructureDefinition/implementationguide-page"><valueUri value="Patient-newBornNN.html"/></extension><reference><reference value="Patient/newBornNN"/></reference><name value="newBornNN"/><description value="Exemplo recém-nascido"/><exampleCanonical value="https://hl7.pt/fhir/NoticiaNascimento/StructureDefinition/Child"/><groupingId value="-ex-example"/></resource><resource><extension url="http://hl7.org/fhir/tools/StructureDefinition/resource-sort"><valueInteger value="999999999"/></extension><extension url="http://hl7.org/fhir/StructureDefinition/implementationguide-page"><valueUri value="Observation-pregnancyNN.html"/></extension><reference><reference value="Observation/pregnancyNN"/></reference><name value="pregnancyNN"/><description value="Exemplo gravidez"/><exampleCanonical value="https://hl7.pt/fhir/NoticiaNascimento/StructureDefinition/Pregnancy"/><groupingId value="-ex-example"/></resource><resource><extension url="http://hl7.org/fhir/tools/StructureDefinition/resource-sort"><valueInteger value="999999999"/></extension><extension url="http://hl7.org/fhir/StructureDefinition/implementationguide-page"><valueUri value="Observation-puerperium-ex.html"/></extension><reference><reference value="Observation/puerperium-ex"/></reference><name value="puerperium-ex"/><description value="Exemplo de puerpério"/><exampleCanonical value="https://hl7.pt/fhir/NoticiaNascimento/StructureDefinition/Puerperium"/><groupingId value="-ex-example"/></resource><resource><extension url="http://hl7.org/fhir/tools/StructureDefinition/resource-sort"><valueInteger value="999999999"/></extension><extension url="http://hl7.org/fhir/StructureDefinition/implementationguide-page"><valueUri value="Observation-pupillary-example.html"/></extension><reference><reference value="Observation/pupillary-example"/></reference><name value="pupillary-example"/><description value="Exemplo de análise pupilar"/><exampleCanonical value="https://hl7.pt/fhir/NoticiaNascimento/StructureDefinition/Pupillary"/><groupingId value="-ex-example"/></resource><resource><extension url="http://hl7.org/fhir/tools/StructureDefinition/resource-sort"><valueInteger value="999999999"/></extension><extension url="http://hl7.org/fhir/StructureDefinition/implementationguide-page"><valueUri value="Immunization-vaccNN-antid.html"/></extension><reference><reference value="Immunization/vaccNN-antid"/></reference><name value="vaccNN-antid"/><description value="Exemplo vacina ANTI-D"/><exampleCanonical value="https://hl7.pt/fhir/NoticiaNascimento/StructureDefinition/Antid"/><groupingId value="-ex-example"/></resource><resource><extension url="http://hl7.org/fhir/tools/StructureDefinition/resource-sort"><valueInteger value="999999999"/></extension><extension url="http://hl7.org/fhir/StructureDefinition/implementationguide-page"><valueUri value="Immunization-vaccNN-bcg.html"/></extension><reference><reference value="Immunization/vaccNN-bcg"/></reference><name value="vaccNN-bcg"/><description value="Exemplo vacina BCG"/><exampleCanonical value="https://hl7.pt/fhir/NoticiaNascimento/StructureDefinition/Bcg"/><groupingId value="-ex-example"/></resource><resource><extension url="http://hl7.org/fhir/tools/StructureDefinition/resource-sort"><valueInteger value="999999999"/></extension><extension url="http://hl7.org/fhir/StructureDefinition/implementationguide-page"><valueUri value="Immunization-vaccNN-hepb.html"/></extension><reference><reference value="Immunization/vaccNN-hepb"/></reference><name value="vaccNN-hepb"/><description value="Exemplo vacina HEPB"/><exampleCanonical value="https://hl7.pt/fhir/NoticiaNascimento/StructureDefinition/Hepb"/><groupingId value="-ex-example"/></resource><page><extension url="http://hl7.org/fhir/tools/StructureDefinition/ig-page-name"><valueUrl value="toc.html"/></extension><nameUrl value="toc.html"/><title value="Table of Contents"/><generation value="html"/><page><extension url="http://hl7.org/fhir/tools/StructureDefinition/ig-page-name"><valueUrl value="index.html"/></extension><nameUrl value="index.html"/><title value="Home Page"/><generation value="markdown"/></page><page><extension url="http://hl7.org/fhir/tools/StructureDefinition/ig-page-name"><valueUrl value="background.html"/></extension><nameUrl value="background.html"/><title value="Análise Funcional"/><generation value="markdown"/></page><page><extension url="http://hl7.org/fhir/tools/StructureDefinition/ig-page-name"><valueUrl value="mapping.html"/></extension><nameUrl value="mapping.html"/><title value="Mapeamentos"/><generation value="markdown"/></page><page><extension url="http://hl7.org/fhir/tools/StructureDefinition/ig-page-name"><valueUrl value="usage.html"/></extension><nameUrl value="usage.html"/><title value="Usar Este IG"/><generation value="markdown"/></page><page><extension url="http://hl7.org/fhir/tools/StructureDefinition/ig-page-name"><valueUrl value="downloads.html"/></extension><nameUrl value="downloads.html"/><title value="Downloads"/><generation value="html"/></page><page><extension url="http://hl7.org/fhir/tools/StructureDefinition/ig-page-name"><valueUrl value="changes.html"/></extension><nameUrl value="changes.html"/><title value="IG Change History"/><generation value="html"/></page><page><extension url="http://hl7.org/fhir/tools/StructureDefinition/ig-page-name"><valueUrl value="artifacts.html"/></extension><nameUrl value="artifacts.html"/><title value="Artifacts Summary"/><generation value="html"/><page><extension url="http://hl7.org/fhir/tools/StructureDefinition/ig-page-name"><valueUrl value="StructureDefinition-ContactLM.html"/></extension><nameUrl value="StructureDefinition-ContactLM.html"/><title value="Contacto (modelo)"/><generation value="generated"/></page><page><extension url="http://hl7.org/fhir/tools/StructureDefinition/ig-page-name"><valueUrl value="StructureDefinition-DestinationLN.html"/></extension><nameUrl value="StructureDefinition-DestinationLN.html"/><title value="Dados da inscrição nos cuidados de saúde primários (modelo)"/><generation value="generated"/></page><page><extension url="http://hl7.org/fhir/tools/StructureDefinition/ig-page-name"><valueUrl value="StructureDefinition-MotherDemographicsLM.html"/></extension><nameUrl value="StructureDefinition-MotherDemographicsLM.html"/><title value="Dados demográficos da mãe (modelo)"/><generation value="generated"/></page><page><extension url="http://hl7.org/fhir/tools/StructureDefinition/ig-page-name"><valueUrl value="StructureDefinition-PregnancyLM.html"/></extension><nameUrl value="StructureDefinition-PregnancyLM.html"/><title value="Gravidez (modelo)"/><generation value="generated"/></page><page><extension url="http://hl7.org/fhir/tools/StructureDefinition/ig-page-name"><valueUrl value="StructureDefinition-CoredaNoticiaLM.html"/></extension><nameUrl value="StructureDefinition-CoredaNoticiaLM.html"/><title value="Informações Core da Noticia (modelo)"/><generation value="generated"/></page><page><extension url="http://hl7.org/fhir/tools/StructureDefinition/ig-page-name"><valueUrl value="StructureDefinition-NoticiaLM.html"/></extension><nameUrl value="StructureDefinition-NoticiaLM.html"/><title value="Notícia de Nascimento (modelo)"/><generation value="generated"/></page><page><extension url="http://hl7.org/fhir/tools/StructureDefinition/ig-page-name"><valueUrl value="StructureDefinition-ProfessionalLM.html"/></extension><nameUrl value="StructureDefinition-ProfessionalLM.html"/><title value="Professional (Modelo)"/><generation value="generated"/></page><page><extension url="http://hl7.org/fhir/tools/StructureDefinition/ig-page-name"><valueUrl value="StructureDefinition-NewBornLM.html"/></extension><nameUrl value="StructureDefinition-NewBornLM.html"/><title value="Recem-nascido (modelo)"/><generation value="generated"/></page><page><extension url="http://hl7.org/fhir/tools/StructureDefinition/ig-page-name"><valueUrl value="StructureDefinition-VaccineLM.html"/></extension><nameUrl value="StructureDefinition-VaccineLM.html"/><title value="Vacina (modelo)"/><generation value="generated"/></page><page><extension url="http://hl7.org/fhir/tools/StructureDefinition/ig-page-name"><valueUrl value="StructureDefinition-Mother.html"/></extension><nameUrl value="StructureDefinition-Mother.html"/><title value="Perfil da mãe"/><generation value="generated"/></page><page><extension url="http://hl7.org/fhir/tools/StructureDefinition/ig-page-name"><valueUrl value="StructureDefinition-Childhealthsurveilance.html"/></extension><nameUrl value="StructureDefinition-Childhealthsurveilance.html"/><title value="Perfil da vigilância de saúde infantil"/><generation value="generated"/></page><page><extension url="http://hl7.org/fhir/tools/StructureDefinition/ig-page-name"><valueUrl value="StructureDefinition-ApgarScore.html"/></extension><nameUrl value="StructureDefinition-ApgarScore.html"/><title value="Perfil de informação clinicas - apgarScore"/><generation value="generated"/></page><page><extension url="http://hl7.org/fhir/tools/StructureDefinition/ig-page-name"><valueUrl value="StructureDefinition-Malformation.html"/></extension><nameUrl value="StructureDefinition-Malformation.html"/><title value="Perfil de informação clinicas - Dados de malformações"/><generation value="generated"/></page><page><extension url="http://hl7.org/fhir/tools/StructureDefinition/ig-page-name"><valueUrl value="StructureDefinition-Phototherapy.html"/></extension><nameUrl value="StructureDefinition-Phototherapy.html"/><title value="Perfil de informação clinicas - Fototerapia"/><generation value="generated"/></page><page><extension url="http://hl7.org/fhir/tools/StructureDefinition/ig-page-name"><valueUrl value="StructureDefinition-Hearingscreen.html"/></extension><nameUrl value="StructureDefinition-Hearingscreen.html"/><title value="Perfil de informação clinicas - Rastreio auditivo neonatal universal"/><generation value="generated"/></page><page><extension url="http://hl7.org/fhir/tools/StructureDefinition/ig-page-name"><valueUrl value="StructureDefinition-Congenital.html"/></extension><nameUrl value="StructureDefinition-Congenital.html"/><title value="Perfil de informação clinicas - Rastreio Cardiopatias Congénitas"/><generation value="generated"/></page><page><extension url="http://hl7.org/fhir/tools/StructureDefinition/ig-page-name"><valueUrl value="StructureDefinition-Metabolic.html"/></extension><nameUrl value="StructureDefinition-Metabolic.html"/><title value="Perfil de informação clinicas - Rastreio de doenças metabólicas"/><generation value="generated"/></page><page><extension url="http://hl7.org/fhir/tools/StructureDefinition/ig-page-name"><valueUrl value="StructureDefinition-Pupillary.html"/></extension><nameUrl value="StructureDefinition-Pupillary.html"/><title value="Perfil de informação clinicas - Teste Reflexo pupilar"/><generation value="generated"/></page><page><extension url="http://hl7.org/fhir/tools/StructureDefinition/ig-page-name"><valueUrl value="StructureDefinition-Pregnancy.html"/></extension><nameUrl value="StructureDefinition-Pregnancy.html"/><title value="Perfil de Informação de gravidez"/><generation value="generated"/></page><page><extension url="http://hl7.org/fhir/tools/StructureDefinition/ig-page-name"><valueUrl value="StructureDefinition-Birth.html"/></extension><nameUrl value="StructureDefinition-Birth.html"/><title value="Perfil de Informação do Parto"/><generation value="generated"/></page><page><extension url="http://hl7.org/fhir/tools/StructureDefinition/ig-page-name"><valueUrl value="StructureDefinition-Newbornriskassessment.html"/></extension><nameUrl value="StructureDefinition-Newbornriskassessment.html"/><title value="Perfil de Informação sobre Avaliação de risco e referenciação ao NHACJR"/><generation value="generated"/></page><page><extension url="http://hl7.org/fhir/tools/StructureDefinition/ig-page-name"><valueUrl value="StructureDefinition-Bulletindelivery.html"/></extension><nameUrl value="StructureDefinition-Bulletindelivery.html"/><title value="Perfil de Informação sobre entrega de boletim"/><generation value="generated"/></page><page><extension url="http://hl7.org/fhir/tools/StructureDefinition/ig-page-name"><valueUrl value="StructureDefinition-Transport.html"/></extension><nameUrl value="StructureDefinition-Transport.html"/><title value="Perfil de informação sobre Transportes"/><generation value="generated"/></page><page><extension url="http://hl7.org/fhir/tools/StructureDefinition/ig-page-name"><valueUrl value="StructureDefinition-Antid.html"/></extension><nameUrl value="StructureDefinition-Antid.html"/><title value="Perfil de Informação sobre vacinação - antid"/><generation value="generated"/></page><page><extension url="http://hl7.org/fhir/tools/StructureDefinition/ig-page-name"><valueUrl value="StructureDefinition-Bcg.html"/></extension><nameUrl value="StructureDefinition-Bcg.html"/><title value="Perfil de Informação sobre vacinação - BCG"/><generation value="generated"/></page><page><extension url="http://hl7.org/fhir/tools/StructureDefinition/ig-page-name"><valueUrl value="StructureDefinition-Hepb.html"/></extension><nameUrl value="StructureDefinition-Hepb.html"/><title value="Perfil de Informação sobre vacinação - hepb"/><generation value="generated"/></page><page><extension url="http://hl7.org/fhir/tools/StructureDefinition/ig-page-name"><valueUrl value="StructureDefinition-CompositionNoticia.html"/></extension><nameUrl value="StructureDefinition-CompositionNoticia.html"/><title value="Perfil do recurso Composition que cria as secções da noticia nascimento"/><generation value="generated"/></page><page><extension url="http://hl7.org/fhir/tools/StructureDefinition/ig-page-name"><valueUrl value="StructureDefinition-Child.html"/></extension><nameUrl value="StructureDefinition-Child.html"/><title value="Perfil do recém-nascido"/><generation value="generated"/></page><page><extension url="http://hl7.org/fhir/tools/StructureDefinition/ig-page-name"><valueUrl value="StructureDefinition-Professional.html"/></extension><nameUrl value="StructureDefinition-Professional.html"/><title value="Perfil para o profissional de saúde"/><generation value="generated"/></page><page><extension url="http://hl7.org/fhir/tools/StructureDefinition/ig-page-name"><valueUrl value="StructureDefinition-Puerperium.html"/></extension><nameUrl value="StructureDefinition-Puerperium.html"/><title value="Perfil para registar dados do puerpério até à alta"/><generation value="generated"/></page><page><extension url="http://hl7.org/fhir/tools/StructureDefinition/ig-page-name"><valueUrl value="StructureDefinition-Letter.html"/></extension><nameUrl value="StructureDefinition-Letter.html"/><title value="Perfil sobre Elaboração de carta com informação clínica suplementar"/><generation value="generated"/></page><page><extension url="http://hl7.org/fhir/tools/StructureDefinition/ig-page-name"><valueUrl value="StructureDefinition-Contact.html"/></extension><nameUrl value="StructureDefinition-Contact.html"/><title value="Perfil sobre episódio da notícia de nascimento"/><generation value="generated"/></page><page><extension url="http://hl7.org/fhir/tools/StructureDefinition/ig-page-name"><valueUrl value="StructureDefinition-Vaccination.html"/></extension><nameUrl value="StructureDefinition-Vaccination.html"/><title value="Perfil sobre Informação sobre vacinação - genérico"/><generation value="generated"/></page><page><extension url="http://hl7.org/fhir/tools/StructureDefinition/ig-page-name"><valueUrl value="StructureDefinition-transport-information.html"/></extension><nameUrl value="StructureDefinition-transport-information.html"/><title value="Extensão sobre informação sobre Transportes"/><generation value="generated"/></page><page><extension url="http://hl7.org/fhir/tools/StructureDefinition/ig-page-name"><valueUrl value="StructureDefinition-ReferenciaNHACJR.html"/></extension><nameUrl value="StructureDefinition-ReferenciaNHACJR.html"/><title value="ReferenciaNHACJR"/><generation value="generated"/></page><page><extension url="http://hl7.org/fhir/tools/StructureDefinition/ig-page-name"><valueUrl value="ValueSet-bulletin-delivery-vs.html"/></extension><nameUrl value="ValueSet-bulletin-delivery-vs.html"/><title value="Envio de boletim ValueSet"/><generation value="generated"/></page><page><extension url="http://hl7.org/fhir/tools/StructureDefinition/ig-page-name"><valueUrl value="ValueSet-risco-gravidez-vs.html"/></extension><nameUrl value="ValueSet-risco-gravidez-vs.html"/><title value="Risco de gravidez ValueSet"/><generation value="generated"/></page><page><extension url="http://hl7.org/fhir/tools/StructureDefinition/ig-page-name"><valueUrl value="ValueSet-document-type-vs.html"/></extension><nameUrl value="ValueSet-document-type-vs.html"/><title value="Tipo de documento ValueSet"/><generation value="generated"/></page><page><extension url="http://hl7.org/fhir/tools/StructureDefinition/ig-page-name"><valueUrl value="ValueSet-tipo-gravidez-vs.html"/></extension><nameUrl value="ValueSet-tipo-gravidez-vs.html"/><title value="Tipo de gravidez ValueSet"/><generation value="generated"/></page><page><extension url="http://hl7.org/fhir/tools/StructureDefinition/ig-page-name"><valueUrl value="ValueSet-newborn-congenital-anomalies-vs.html"/></extension><nameUrl value="ValueSet-newborn-congenital-anomalies-vs.html"/><title value="Tipos de doença congénita ValueSet"/><generation value="generated"/></page><page><extension url="http://hl7.org/fhir/tools/StructureDefinition/ig-page-name"><valueUrl value="ValueSet-episode-type-vs.html"/></extension><nameUrl value="ValueSet-episode-type-vs.html"/><title value="Tipos de episódio ValueSet"/><generation value="generated"/></page><page><extension url="http://hl7.org/fhir/tools/StructureDefinition/ig-page-name"><valueUrl value="ValueSet-puerperium-vs.html"/></extension><nameUrl value="ValueSet-puerperium-vs.html"/><title value="Tipos de outcome de puerpério ValueSet"/><generation value="generated"/></page><page><extension url="http://hl7.org/fhir/tools/StructureDefinition/ig-page-name"><valueUrl value="ValueSet-tipo-parto-vs.html"/></extension><nameUrl value="ValueSet-tipo-parto-vs.html"/><title value="Tipos de parto ValueSet"/><generation value="generated"/></page><page><extension url="http://hl7.org/fhir/tools/StructureDefinition/ig-page-name"><valueUrl value="ValueSet-newbornriskassessment-vs.html"/></extension><nameUrl value="ValueSet-newbornriskassessment-vs.html"/><title value="Tipos de risco para avaliação de recém-nascidos ValueSet"/><generation value="generated"/></page><page><extension url="http://hl7.org/fhir/tools/StructureDefinition/ig-page-name"><valueUrl value="ValueSet-transport-type-vs.html"/></extension><nameUrl value="ValueSet-transport-type-vs.html"/><title value="Tipos de transporte de recém-nascido ValueSet"/><generation value="generated"/></page><page><extension url="http://hl7.org/fhir/tools/StructureDefinition/ig-page-name"><valueUrl value="ValueSet-vacinas-infancia-vs.html"/></extension><nameUrl value="ValueSet-vacinas-infancia-vs.html"/><title value="Vacinas ValueSet"/><generation value="generated"/></page><page><extension url="http://hl7.org/fhir/tools/StructureDefinition/ig-page-name"><valueUrl value="CodeSystem-documentclassificationCS.html"/></extension><nameUrl value="CodeSystem-documentclassificationCS.html"/><title value="Classficação de documentos CodeSystem"/><generation value="generated"/></page><page><extension url="http://hl7.org/fhir/tools/StructureDefinition/ig-page-name"><valueUrl value="CodeSystem-InfosGravidezCS.html"/></extension><nameUrl value="CodeSystem-InfosGravidezCS.html"/><title value="Elementos adicionais de informação gravidez CodeSystem"/><generation value="generated"/></page><page><extension url="http://hl7.org/fhir/tools/StructureDefinition/ig-page-name"><valueUrl value="CodeSystem-tipo-episodio-cs.html"/></extension><nameUrl value="CodeSystem-tipo-episodio-cs.html"/><title value="Tipos de episódio CodeSystem"/><generation value="generated"/></page><page><extension url="http://hl7.org/fhir/tools/StructureDefinition/ig-page-name"><valueUrl value="Observation-apgar-example.html"/></extension><nameUrl value="Observation-apgar-example.html"/><title value="apgar-example"/><generation value="generated"/></page><page><extension url="http://hl7.org/fhir/tools/StructureDefinition/ig-page-name"><valueUrl value="Procedure-BirthNN.html"/></extension><nameUrl value="Procedure-BirthNN.html"/><title value="BirthNN"/><generation value="generated"/></page><page><extension url="http://hl7.org/fhir/tools/StructureDefinition/ig-page-name"><valueUrl value="Observation-body-weigth-example.html"/></extension><nameUrl value="Observation-body-weigth-example.html"/><title value="body-weigth-example"/><generation value="generated"/></page><page><extension url="http://hl7.org/fhir/tools/StructureDefinition/ig-page-name"><valueUrl value="Observation-cephalic-perimeter-example.html"/></extension><nameUrl value="Observation-cephalic-perimeter-example.html"/><title value="cephalic-perimeter-example"/><generation value="generated"/></page><page><extension url="http://hl7.org/fhir/tools/StructureDefinition/ig-page-name"><valueUrl value="Organization-childhealthsurveilance-ex.html"/></extension><nameUrl value="Organization-childhealthsurveilance-ex.html"/><title value="childhealthsurveilance-ex"/><generation value="generated"/></page><page><extension url="http://hl7.org/fhir/tools/StructureDefinition/ig-page-name"><valueUrl value="Observation-congenital-example.html"/></extension><nameUrl value="Observation-congenital-example.html"/><title value="congenital-example"/><generation value="generated"/></page><page><extension url="http://hl7.org/fhir/tools/StructureDefinition/ig-page-name"><valueUrl value="Organization-destino.html"/></extension><nameUrl value="Organization-destino.html"/><title value="destino"/><generation value="generated"/></page><page><extension url="http://hl7.org/fhir/tools/StructureDefinition/ig-page-name"><valueUrl value="Encounter-episodio.html"/></extension><nameUrl value="Encounter-episodio.html"/><title value="episodio"/><generation value="generated"/></page><page><extension url="http://hl7.org/fhir/tools/StructureDefinition/ig-page-name"><valueUrl value="Encounter-episodioInt.html"/></extension><nameUrl value="Encounter-episodioInt.html"/><title value="episodioInt"/><generation value="generated"/></page><page><extension url="http://hl7.org/fhir/tools/StructureDefinition/ig-page-name"><valueUrl value="Bundle-exemploNN.html"/></extension><nameUrl value="Bundle-exemploNN.html"/><title value="exemploNN"/><generation value="generated"/></page><page><extension url="http://hl7.org/fhir/tools/StructureDefinition/ig-page-name"><valueUrl value="Organization-inst.html"/></extension><nameUrl value="Organization-inst.html"/><title value="inst"/><generation value="generated"/></page><page><extension url="http://hl7.org/fhir/tools/StructureDefinition/ig-page-name"><valueUrl value="Observation-length-example.html"/></extension><nameUrl value="Observation-length-example.html"/><title value="length-example"/><generation value="generated"/></page><page><extension url="http://hl7.org/fhir/tools/StructureDefinition/ig-page-name"><valueUrl value="Patient-mother.html"/></extension><nameUrl value="Patient-mother.html"/><title value="mother"/><generation value="generated"/></page><page><extension url="http://hl7.org/fhir/tools/StructureDefinition/ig-page-name"><valueUrl value="Patient-newBornNN.html"/></extension><nameUrl value="Patient-newBornNN.html"/><title value="newBornNN"/><generation value="generated"/></page><page><extension url="http://hl7.org/fhir/tools/StructureDefinition/ig-page-name"><valueUrl value="Composition-compNN.html"/></extension><nameUrl value="Composition-compNN.html"/><title value="Noticia de Nascimento de recém-nascido"/><generation value="generated"/></page><page><extension url="http://hl7.org/fhir/tools/StructureDefinition/ig-page-name"><valueUrl value="PractitionerRole-ObsRole.html"/></extension><nameUrl value="PractitionerRole-ObsRole.html"/><title value="ObsRole"/><generation value="generated"/></page><page><extension url="http://hl7.org/fhir/tools/StructureDefinition/ig-page-name"><valueUrl value="Observation-pregnancyNN.html"/></extension><nameUrl value="Observation-pregnancyNN.html"/><title value="pregnancyNN"/><generation value="generated"/></page><page><extension url="http://hl7.org/fhir/tools/StructureDefinition/ig-page-name"><valueUrl value="Observation-puerperium-ex.html"/></extension><nameUrl value="Observation-puerperium-ex.html"/><title value="puerperium-ex"/><generation value="generated"/></page><page><extension url="http://hl7.org/fhir/tools/StructureDefinition/ig-page-name"><valueUrl value="Observation-pupillary-example.html"/></extension><nameUrl value="Observation-pupillary-example.html"/><title value="pupillary-example"/><generation value="generated"/></page><page><extension url="http://hl7.org/fhir/tools/StructureDefinition/ig-page-name"><valueUrl value="Immunization-vaccNN-antid.html"/></extension><nameUrl value="Immunization-vaccNN-antid.html"/><title value="vaccNN-antid"/><generation value="generated"/></page><page><extension url="http://hl7.org/fhir/tools/StructureDefinition/ig-page-name"><valueUrl value="Immunization-vaccNN-bcg.html"/></extension><nameUrl value="Immunization-vaccNN-bcg.html"/><title value="vaccNN-bcg"/><generation value="generated"/></page><page><extension url="http://hl7.org/fhir/tools/StructureDefinition/ig-page-name"><valueUrl value="Immunization-vaccNN-hepb.html"/></extension><nameUrl value="Immunization-vaccNN-hepb.html"/><title value="vaccNN-hepb"/><generation value="generated"/></page></page></page><parameter><code value="path-resource"/><value value="input/capabilities"/></parameter><parameter><code value="path-resource"/><value value="input/examples"/></parameter><parameter><code value="path-resource"/><value value="input/extensions"/></parameter><parameter><code value="path-resource"/><value value="input/models"/></parameter><parameter><code value="path-resource"/><value value="input/operations"/></parameter><parameter><code value="path-resource"/><value value="input/profiles"/></parameter><parameter><code value="path-resource"/><value value="input/resources"/></parameter><parameter><code value="path-resource"/><value value="input/vocabulary"/></parameter><parameter><code value="path-resource"/><value value="input/maps"/></parameter><parameter><code value="path-resource"/><value value="input/testing"/></parameter><parameter><code value="path-resource"/><value value="input/history"/></parameter><parameter><code value="path-resource"/><value value="fsh-generated/resources"/></parameter><parameter><code value="path-pages"/><value value="template/config"/></parameter><parameter><code value="path-pages"/><value value="input/images"/></parameter><parameter><code value="path-tx-cache"/><value value="input-cache/txcache"/></parameter></definition></ImplementationGuide>