<?xml version="1.0" encoding="UTF-8"?><ValueSet xmlns="http://hl7.org/fhir"><id value="risco-gravidez-vs"/><text><status value="generated"/><div xmlns="http://www.w3.org/1999/xhtml"><p class="res-header-id"><b>Generated Narrative: ValueSet risco-gravidez-vs</b></p><a name="risco-gravidez-vs"> </a><a name="hcrisco-gravidez-vs"> </a><a name="risco-gravidez-vs-pt-PT"> </a><ul><li>Include these codes as defined in <a href="http://www.snomed.org/"><code>http://snomed.info/sct</code></a><table class="none"><tr><td style="white-space:nowrap"><b>Code</b></td><td><b>Display</b></td></tr><tr><td><a href="http://snomed.info/id/237239003">237239003</a></td><td>Low risk pregnancy (finding)</td></tr><tr><td><a href="http://snomed.info/id/1303255001">1303255001</a></td><td>Medium risk pregnancy (finding)</td></tr><tr><td><a href="http://snomed.info/id/47200007">47200007</a></td><td>High risk pregnancy (finding)</td></tr></table></li></ul></div></text><url value="https://hl7.pt/fhir/NoticiaNascimento/ValueSet/risco-gravidez-vs"/><version value="0.0.1"/><name value="RiscoGravidezVS"/><title value="Risco de gravidez ValueSet"/><status value="active"/><experimental value="false"/><date value="2025-05-12T10:05:23+00:00"/><publisher value="HL7 Portugal"/><contact><name value="HL7 Portugal"/><telecom><system value="url"/><value value="http://hl7.pt"/></telecom><telecom><system value="email"/><value value="info@hl7.pt"/></telecom></contact><contact><name value="HL7 Portugal"/><telecom><system value="email"/><value value="geral@hl7.pt"/><use value="work"/></telecom></contact><description value="Risco de gravidez ValueSet"/><jurisdiction><coding><system value="urn:iso:std:iso:3166"/><code value="PT"/><display value="Portugal"/></coding></jurisdiction><copyright value="This value set includes content from SNOMED CT, which is copyright © 2002+ International Health Terminology Standards Development Organisation (IHTSDO), and distributed by agreement between IHTSDO and HL7. Implementer use of SNOMED CT is not covered by this agreement"/><compose><include><system value="http://snomed.info/sct"/><concept><code value="237239003"/><display value="Low risk pregnancy (finding)"/></concept><concept><code value="1303255001"/><display value="Medium risk pregnancy (finding)"/></concept><concept><code value="47200007"/><display value="High risk pregnancy (finding)"/></concept></include></compose></ValueSet>