<?xml version="1.0" encoding="UTF-8"?><ValueSet xmlns="http://hl7.org/fhir"><id value="vacinas-infancia-vs"/><text><status value="generated"/><div xmlns="http://www.w3.org/1999/xhtml"><p class="res-header-id"><b>Generated Narrative: ValueSet vacinas-infancia-vs</b></p><a name="vacinas-infancia-vs"> </a><a name="hcvacinas-infancia-vs"> </a><a name="vacinas-infancia-vs-pt-PT"> </a><ul><li>Include these codes as defined in <a href="http://www.snomed.org/"><code>http://snomed.info/sct</code></a><table class="none"><tr><td style="white-space:nowrap"><b>Code</b></td><td><b>Display</b></td></tr><tr><td><a href="http://snomed.info/id/1861000221106">1861000221106</a></td><td>Vaccine product containing only live attenuated Mycobacterium bovis antigen (medicinal product)</td></tr><tr><td><a href="http://snomed.info/id/871822003">871822003</a></td><td>Vaccine product containing only Hepatitis B virus antigen (medicinal product)</td></tr><tr><td><a href="http://snomed.info/id/786768001">786768001</a></td><td>Product containing only human anti-D immunoglobulin (medicinal product)</td></tr></table></li></ul></div></text><url value="https://hl7.pt/fhir/NoticiaNascimento/ValueSet/vacinas-infancia-vs"/><version value="0.0.1"/><name value="VacinasinfanciaVS"/><title value="Vacinas ValueSet"/><status value="active"/><experimental value="false"/><date value="2025-05-12T10:05:23+00:00"/><publisher value="HL7 Portugal"/><contact><name value="HL7 Portugal"/><telecom><system value="url"/><value value="http://hl7.pt"/></telecom><telecom><system value="email"/><value value="info@hl7.pt"/></telecom></contact><contact><name value="HL7 Portugal"/><telecom><system value="email"/><value value="geral@hl7.pt"/><use value="work"/></telecom></contact><description value="Vacinas ValueSet"/><jurisdiction><coding><system value="urn:iso:std:iso:3166"/><code value="PT"/><display value="Portugal"/></coding></jurisdiction><copyright value="This value set includes content from SNOMED CT, which is copyright © 2002+ International Health Terminology Standards Development Organisation (IHTSDO), and distributed by agreement between IHTSDO and HL7. Implementer use of SNOMED CT is not covered by this agreement"/><compose><include><system value="http://snomed.info/sct"/><concept><code value="1861000221106"/><display value="Vaccine product containing only live attenuated Mycobacterium bovis antigen (medicinal product)"/></concept><concept><code value="871822003"/><display value="Vaccine product containing only Hepatitis B virus antigen (medicinal product)"/></concept><concept><code value="786768001"/><display value="Product containing only human anti-D immunoglobulin (medicinal product)"/></concept></include></compose></ValueSet>