<?xml version="1.0" encoding="UTF-8"?>

<Observation xmlns="http://hl7.org/fhir">
  <id value="body-weigth-example"/>
  <meta>
    <profile value="http://hl7.org/fhir/StructureDefinition/bodyweight"/>
  </meta>
  <text>
    <status value="generated"/><div xmlns="http://www.w3.org/1999/xhtml"><p class="res-header-id"><b>Generated Narrative: Observation body-weigth-example</b></p><a name="body-weigth-example"> </a><a name="hcbody-weigth-example"> </a><a name="body-weigth-example-pt-PT"> </a><div style="display: inline-block; background-color: #d9e0e7; padding: 6px; margin: 4px; border: 1px solid #8da1b4; border-radius: 5px; line-height: 60%"><p style="margin-bottom: 0px"/><p style="margin-bottom: 0px">Profile: <a href="http://hl7.org/fhir/R4/bodyweight.html">Observation Body Weight Profile</a></p></div><p><b>status</b>: Final</p><p><b>category</b>: <span title="Codes:{http://terminology.hl7.org/CodeSystem/observation-category vital-signs}">Vital Signs</span></p><p><b>code</b>: <span title="Codes:{http://loinc.org 29463-7}">Weight</span></p><p><b>subject</b>: <a href="Patient-newBornNN.html">Anonymous Patient Female, DoB Unknown</a></p><p><b>effective</b>: 2024-08-01 10:00:00+0000</p><p><b>value</b>: 3250 gram(s)<span style="background: LightGoldenRodYellow"> (Details: UCUM  codeg = 'g')</span></p></div>
  </text>
  <status value="final"/>
  <category>
    <coding>
      <system value="http://terminology.hl7.org/CodeSystem/observation-category"/>
      <code value="vital-signs"/>
    </coding>
  </category>
  <code>
    <coding>
      <system value="http://loinc.org"/>
      <code value="29463-7"/>
    </coding>
  </code>
  <subject>
    <reference value="Patient/newBornNN"/>
  </subject>
  <effectiveDateTime value="2024-08-01T10:00:00.000Z"/>
  <valueQuantity>
    <value value="3250"/>
    <unit value="gram(s)"/>
    <system value="http://unitsofmeasure.org"/>
    <code value="g"/>
  </valueQuantity>
</Observation>