{
  "package": "hl7.fhir.pt.obs-neonat",
  "version": "0.0.1",
  "fhirVersion": "4.0.1",
  "jurisdiction": "PT",
  "extensions": [
    {
      "url": "https://hl7.pt/fhir/NoticiaNascimento/StructureDefinition/ReferenciaNHACJR",
      "title": "ReferenciaNHACJR",
      "types": [
        "boolean"
      ]
    },
    {
      "url": "https://hl7.pt/fhir/NoticiaNascimento/StructureDefinition/transport-information",
      "title": "Extensão sobre informação sobre Transportes",
      "types": [
        "CodeableConcept",
        "string",
        "string",
        "base64Binary",
        "boolean",
        "canonical",
        "code",
        "date",
        "dateTime",
        "decimal",
        "id",
        "instant",
        "integer",
        "markdown",
        "oid",
        "positiveInt",
        "string",
        "time",
        "unsignedInt",
        "uri",
        "url",
        "uuid",
        "Address",
        "Age",
        "Annotation",
        "Attachment",
        "CodeableConcept",
        "Coding",
        "ContactPoint",
        "Count",
        "Distance",
        "Duration",
        "HumanName",
        "Identifier",
        "Money",
        "Period",
        "Quantity",
        "Range",
        "Ratio",
        "Reference",
        "SampledData",
        "Signature",
        "Timing",
        "ContactDetail",
        "Contributor",
        "DataRequirement",
        "Expression",
        "ParameterDefinition",
        "RelatedArtifact",
        "TriggerDefinition",
        "UsageContext",
        "Dosage",
        "Meta"
      ]
    }
  ],
  "profiles": {
    "Immunization": [
      {
        "url": "https://hl7.pt/fhir/NoticiaNascimento/StructureDefinition/Vaccination",
        "title": "Perfil sobre Informação sobre vacinação - genérico"
      }
    ],
    "Observation": [
      {
        "url": "https://hl7.pt/fhir/NoticiaNascimento/StructureDefinition/Puerperium",
        "title": "Perfil para registar dados do puerpério até à alta"
      },
      {
        "url": "https://hl7.pt/fhir/NoticiaNascimento/StructureDefinition/Pupillary",
        "title": "Perfil de informação clinicas - Teste Reflexo pupilar"
      }
    ],
    "Procedure": [
      {
        "url": "https://hl7.pt/fhir/NoticiaNascimento/StructureDefinition/Birth",
        "title": "Perfil de Informação do Parto"
      },
      {
        "url": "https://hl7.pt/fhir/NoticiaNascimento/StructureDefinition/Bulletindelivery",
        "title": "Perfil de Informação sobre entrega de boletim"
      }
    ],
    "Patient": [
      {
        "url": "https://hl7.pt/fhir/NoticiaNascimento/StructureDefinition/Mother",
        "title": "Perfil da mãe"
      }
    ],
    "Organization": [
      {
        "url": "https://hl7.pt/fhir/NoticiaNascimento/StructureDefinition/Childhealthsurveilance",
        "title": "Perfil da vigilância de saúde infantil"
      }
    ],
    "Composition": [
      {
        "url": "https://hl7.pt/fhir/NoticiaNascimento/StructureDefinition/CompositionNoticia",
        "title": "Perfil do recurso Composition que cria as secções da noticia nascimento"
      }
    ],
    "Encounter": [
      {
        "url": "https://hl7.pt/fhir/NoticiaNascimento/StructureDefinition/Contact",
        "title": "Perfil sobre episódio da notícia de nascimento"
      }
    ],
    "Practitioner": [
      {
        "url": "https://hl7.pt/fhir/NoticiaNascimento/StructureDefinition/Professional",
        "title": "Perfil para o profissional de saúde"
      }
    ],
    "Basic": [
      {
        "url": "https://hl7.pt/fhir/NoticiaNascimento/StructureDefinition/Transport",
        "title": "Perfil de informação sobre Transportes"
      }
    ]
  },
  "usage": {
    "http://hl7.org/fhir/StructureDefinition/composition-clinicaldocument-versionNumber": [
      "Composition"
    ],
    "http://hl7.org/fhir/StructureDefinition/elementdefinition-bestpractice": [
      "StructureDefinition.snapshot.element.constraint"
    ],
    "http://hl7.org/fhir/StructureDefinition/elementdefinition-bestpractice-explanation": [
      "StructureDefinition.snapshot.element.constraint"
    ],
    "http://hl7.org/fhir/StructureDefinition/elementdefinition-bindingName": [
      "StructureDefinition.snapshot.element.binding"
    ],
    "http://hl7.org/fhir/StructureDefinition/elementdefinition-maxValueSet": [
      "StructureDefinition.snapshot.element.binding"
    ],
    "http://hl7.org/fhir/StructureDefinition/patient-birthPlace": [
      "Patient"
    ],
    "http://hl7.org/fhir/StructureDefinition/patient-nationality": [
      "Bundle.entry.resource",
      "Patient"
    ],
    "http://hl7.org/fhir/StructureDefinition/structuredefinition-display-hint": [
      "StructureDefinition.snapshot.element"
    ],
    "http://hl7.org/fhir/StructureDefinition/structuredefinition-fhir-type": [
      "StructureDefinition.snapshot.element.type"
    ],
    "http://hl7.org/fhir/StructureDefinition/structuredefinition-hierarchy": [
      "StructureDefinition.snapshot.element.type"
    ],
    "http://hl7.org/fhir/StructureDefinition/structuredefinition-type-characteristics": [
      "StructureDefinition"
    ],
    "http://hl7.org/fhir/tools/StructureDefinition/ig-internal-dependency": [
      "ImplementationGuide.definition"
    ],
    "http://hl7.org/fhir/tools/StructureDefinition/ig-page-name": [
      "ImplementationGuide.definition.page",
      "ImplementationGuide.definition.page.page"
    ],
    "http://hl7.org/fhir/tools/StructureDefinition/ig-parameter": [
      "ImplementationGuide.definition"
    ],
    "http://hl7.org/fhir/tools/StructureDefinition/implementationguide-dependency-comment": [
      "ImplementationGuide.dependsOn"
    ],
    "http://hl7.org/fhir/tools/StructureDefinition/resource-information": [
      "ImplementationGuide.definition.resource"
    ],
    "http://hl7.org/fhir/tools/StructureDefinition/snapshot-base-version": [
      "StructureDefinition.snapshot"
    ],
    "https://hl7.pt/fhir/NoticiaNascimento/StructureDefinition/ReferenciaNHACJR": [
      "Observation"
    ],
    "https://hl7.pt/fhir/NoticiaNascimento/StructureDefinition/transport-information": [
      "Basic"
    ]
  }
}