<?xml version="1.0" encoding="UTF-8"?>

<ValueSet xmlns="http://hl7.org/fhir">
  <id value="episode-type-vs"/>
  <text>
    <status value="generated"/><div xmlns="http://www.w3.org/1999/xhtml"><p class="res-header-id"><b>Generated Narrative: ValueSet episode-type-vs</b></p><a name="episode-type-vs"> </a><a name="hcepisode-type-vs"> </a><a name="episode-type-vs-pt-PT"> </a><ul><li>Include all codes defined in <a href="CodeSystem-tipo-episodio-cs.html"><code>https://hl7.pt/fhir/NoticiaNascimento/CodeSystem/tipo-episodio-cs</code></a></li></ul></div>
  </text>
  <url value="https://hl7.pt/fhir/NoticiaNascimento/ValueSet/episode-type-vs"/>
  <version value="0.0.1"/>
  <name value="TipoepisodioVS"/>
  <title value="Tipos de episódio ValueSet"/>
  <status value="active"/>
  <experimental value="true"/>
  <date value="2025-05-12T10:05:23+00:00"/>
  <publisher value="HL7 Portugal"/>
  <contact>
    <name value="HL7 Portugal"/>
    <telecom>
      <system value="url"/>
      <value value="http://hl7.pt"/>
    </telecom>
    <telecom>
      <system value="email"/>
      <value value="info@hl7.pt"/>
    </telecom>
  </contact>
  <contact>
    <name value="HL7 Portugal"/>
    <telecom>
      <system value="email"/>
      <value value="geral@hl7.pt"/>
      <use value="work"/>
    </telecom>
  </contact>
  <description value="Tipos de episódio ValueSet"/>
  <jurisdiction>
    <coding>
      <system value="urn:iso:std:iso:3166"/>
      <code value="PT"/>
      <display value="Portugal"/>
    </coding>
  </jurisdiction>
  <compose>
    <include>
      <system value="https://hl7.pt/fhir/NoticiaNascimento/CodeSystem/tipo-episodio-cs"/>
    </include>
  </compose>
</ValueSet>