{"resourceType":"ValueSet","id":"transport-type-vs","text":{"status":"generated","div":"<div xmlns=\"http://www.w3.org/1999/xhtml\"><p class=\"res-header-id\"><b>Generated Narrative: ValueSet transport-type-vs</b></p><a name=\"transport-type-vs\"> </a><a name=\"hctransport-type-vs\"> </a><a name=\"transport-type-vs-pt-PT\"> </a><ul><li>Include these codes as defined in <a href=\"http://www.snomed.org/\"><code>http://snomed.info/sct</code></a><table class=\"none\"><tr><td style=\"white-space:nowrap\"><b>Code</b></td><td><b>Display</b></td></tr><tr><td><a href=\"http://snomed.info/id/255407002\">255407002</a></td><td>Neonatal (qualifier value)</td></tr><tr><td><a href=\"http://snomed.info/id/1156684004\">1156684004</a></td><td>Fetal antepartum and/or intrapartum and/or early neonatal period (qualifier value)</td></tr></table></li></ul></div>"},"url":"https://hl7.pt/fhir/NoticiaNascimento/ValueSet/transport-type-vs","version":"0.0.1","name":"TransportTypeVS","title":"Tipos de transporte de recém-nascido ValueSet","status":"active","experimental":false,"date":"2025-05-12T10:05:23+00:00","publisher":"HL7 Portugal","contact":[{"name":"HL7 Portugal","telecom":[{"system":"url","value":"http://hl7.pt"},{"system":"email","value":"info@hl7.pt"}]},{"name":"HL7 Portugal","telecom":[{"system":"email","value":"geral@hl7.pt","use":"work"}]}],"description":"Tipos de transporte de recém-nascido ValueSet","jurisdiction":[{"coding":[{"system":"urn:iso:std:iso:3166","code":"PT","display":"Portugal"}]}],"compose":{"include":[{"system":"http://snomed.info/sct","concept":[{"code":"255407002","display":"Neonatal (qualifier value)"},{"code":"1156684004","display":"Fetal antepartum and/or intrapartum and/or early neonatal period (qualifier value)"}]}]}}