{"resourceType":"ValueSet","id":"bulletin-delivery-vs","text":{"status":"extensions","div":"<div xmlns=\"http://www.w3.org/1999/xhtml\"><p class=\"res-header-id\"><b>Generated Narrative: ValueSet bulletin-delivery-vs</b></p><a name=\"bulletin-delivery-vs\"> </a><a name=\"hcbulletin-delivery-vs\"> </a><a name=\"bulletin-delivery-vs-pt-PT\"> </a><ul><li>Include these codes as defined in <a href=\"CodeSystem-documentclassificationCS.html\"><code>https://hl7.pt/fhir/NoticiaNascimento/CodeSystem/documentclassificationCS</code></a><table class=\"none\"><tr><td style=\"white-space:nowrap\"><b>Code</b></td><td><b>Display</b></td><td><b>Definition</b></td></tr><tr><td><a href=\"CodeSystem-documentclassificationCS.html#documentclassificationCS-BISC\">BISC</a></td><td>Boletim Individual de saúde da criança</td><td>Boletim Individual de saúde da criança</td></tr><tr><td><a href=\"CodeSystem-documentclassificationCS.html#documentclassificationCS-BSIJ\">BSIJ</a></td><td>Boletim de saúde infantil e juvenil</td><td>Boletim de saúde infantil e juvenil</td></tr></table></li></ul></div>"},"url":"https://hl7.pt/fhir/NoticiaNascimento/ValueSet/bulletin-delivery-vs","version":"0.0.1","name":"BulletindeliveryVS","title":"Envio de boletim ValueSet","status":"active","experimental":false,"date":"2025-05-12T10:05:23+00:00","publisher":"HL7 Portugal","contact":[{"name":"HL7 Portugal","telecom":[{"system":"url","value":"http://hl7.pt"},{"system":"email","value":"info@hl7.pt"}]},{"name":"HL7 Portugal","telecom":[{"system":"email","value":"geral@hl7.pt","use":"work"}]}],"description":"Envio de boletim ValueSet","jurisdiction":[{"coding":[{"system":"urn:iso:std:iso:3166","code":"PT","display":"Portugal"}]}],"compose":{"include":[{"system":"https://hl7.pt/fhir/NoticiaNascimento/CodeSystem/documentclassificationCS","concept":[{"code":"BISC","display":"Boletim Individual de saúde da criança"},{"code":"BSIJ","display":"Boletim de saúde infantil e juvenil"}]}]}}