{
  "resourceType" : "Observation",
  "id" : "apgar-example",
  "meta" : {
    "profile" : ["https://hl7.pt/fhir/NoticiaNascimento/StructureDefinition/ApgarScore"]
  },
  "text" : {
    "status" : "generated",
    "div" : "<div xmlns=\"http://www.w3.org/1999/xhtml\"><p class=\"res-header-id\"><b>Generated Narrative: Observation apgar-example</b></p><a name=\"apgar-example\"> </a><a name=\"hcapgar-example\"> </a><a name=\"apgar-example-pt-PT\"> </a><div style=\"display: inline-block; background-color: #d9e0e7; padding: 6px; margin: 4px; border: 1px solid #8da1b4; border-radius: 5px; line-height: 60%\"><p style=\"margin-bottom: 0px\"/><p style=\"margin-bottom: 0px\">Profile: <a href=\"StructureDefinition-ApgarScore.html\">Perfil de informação clinicas - apgarScore</a></p></div><p><b>status</b>: Final</p><p><b>code</b>: <span title=\"Codes:{http://snomed.info/sct 1287344004}\">Apgar score (assessment scale)</span></p><blockquote><p><b>component</b></p><p><b>code</b>: <span title=\"Codes:{http://snomed.info/sct 169895004}\">Apgar score at 1 minute (observable entity)</span></p><p><b>value</b>: 7</p></blockquote><blockquote><p><b>component</b></p><p><b>code</b>: <span title=\"Codes:{http://snomed.info/sct 169909004}\">Apgar score at 5 minutes (observable entity)</span></p><p><b>value</b>: 9</p></blockquote><blockquote><p><b>component</b></p><p><b>code</b>: <span title=\"Codes:{http://snomed.info/sct 169922007}\">Apgar score at 10 minutes (observable entity)</span></p><p><b>value</b>: 10</p></blockquote></div>"
  },
  "status" : "final",
  "code" : {
    "coding" : [{
      "system" : "http://snomed.info/sct",
      "code" : "1287344004",
      "display" : "Apgar score (assessment scale)"
    }]
  },
  "component" : [{
    "code" : {
      "coding" : [{
        "system" : "http://snomed.info/sct",
        "code" : "169895004",
        "display" : "Apgar score at 1 minute (observable entity)"
      }]
    },
    "valueInteger" : 7
  },
  {
    "code" : {
      "coding" : [{
        "system" : "http://snomed.info/sct",
        "code" : "169909004",
        "display" : "Apgar score at 5 minutes (observable entity)"
      }]
    },
    "valueInteger" : 9
  },
  {
    "code" : {
      "coding" : [{
        "system" : "http://snomed.info/sct",
        "code" : "169922007",
        "display" : "Apgar score at 10 minutes (observable entity)"
      }]
    },
    "valueInteger" : 10
  }]
}