{
  "resourceType" : "Patient",
  "id" : "newBornNN",
  "meta" : {
    "profile" : ["https://hl7.pt/fhir/NoticiaNascimento/StructureDefinition/Child"]
  },
  "text" : {
    "status" : "generated",
    "div" : "<div xmlns=\"http://www.w3.org/1999/xhtml\"><p class=\"res-header-id\"><b>Generated Narrative: Patient newBornNN</b></p><a name=\"newBornNN\"> </a><a name=\"hcnewBornNN\"> </a><a name=\"newBornNN-pt-PT\"> </a><div style=\"display: inline-block; background-color: #d9e0e7; padding: 6px; margin: 4px; border: 1px solid #8da1b4; border-radius: 5px; line-height: 60%\"><p style=\"margin-bottom: 0px\"/><p style=\"margin-bottom: 0px\">Profile: <a href=\"StructureDefinition-Child.html\">Perfil do recém-nascido</a></p></div><p style=\"border: 1px #661aff solid; background-color: #e6e6ff; padding: 10px;\">Anonymous Patient Female, DoB Unknown</p><hr/></div>"
  },
  "gender" : "female"
}